# Data taken  from Mumpower et al PPNP 86 (2016),,,,,,,,,,,,,,,,,,
"# F-b, F-nc, F-m mean sensitivity factors for beta properties, neutron capture, and mass respectively",,,,,,,,,,,,,,,,,,
"# -lehw, -hehw, -cw, -nsm refer to low entropy hot wind, high entropy hot wind, cold wind, neutron star merger",,,,,,,,,,,,,,,,,,
# new (not in Mum16):,,,,,,,,,,,,,,,,,,
# -max means maximum of the four scenarios,,,,,,,,,,,,,,,,,,
# F-all-max means maximum F for all scenarios and all nuclear inputs,,,,,,,,,,,,,,,,,,
# Asterisks replaced with 0.01,,,,,,,,,,,,,,,,,,
# Dashes replaced with 0.001,,,,,,,,,,,,,,,,,,
# Z,N,A,F-b-lehw,F-b-hehw,F-b-cw,F-b-nsm,F-nc-lehw,F-nc-hehw,F-nc-cw,F-nc-nsm,F-m-lehw,F-m-hehw,F-m-cw,F-m-nsr,F-b-max,F-nc-max,F-m-max,F-all-max
30,49,79,0.01,0.03,0.08,0.01,0.01,0.08,0.2,0.01,0.001,0.001,0.001,0.001,0.08,0.2,0.001,0.2
30,52,82,0.01,0.03,0.03,0.01,0.01,0.01,0.22,0.01,0.01,0.01,0.01,0.01,0.03,0.22,0.01,0.22
30,53,83,0.01,0.01,0.01,0.01,0.01,0.06,0.11,0.01,0.01,0.01,0.01,0.01,0.01,0.11,0.01,0.11
30,54,84,0.46,0.4,0.05,0.01,0.01,0.01,0.8,0.01,0.01,0.01,0.01,0.01,0.46,0.8,0.01,0.8
30,55,85,0.01,0.01,0.02,0.01,0.01,0.29,0.03,0.01,0.01,0.01,0.01,0.01,0.02,0.29,0.01,0.29
30,56,86,4.21,0.7,1,0.01,0.01,0.01,0.17,0.01,0.01,0.01,0.01,0.01,4.21,0.17,0.01,4.21
30,57,87,0.01,0.01,0.01,0.01,0.01,0.01,0.13,0.01,0.01,0.01,0.01,0.01,0.01,0.13,0.01,0.13
31,48,79,0.01,0.01,0.01,0.01,0.01,0.05,0.13,0.01,0.001,0.001,0.001,0.001,0.01,0.13,0.001,0.13
31,54,85,0.01,0.12,0.01,0.01,0.01,0.01,0.19,0.01,0.02,0.04,0.08,0.04,0.12,0.19,0.08,0.19
31,56,87,1.44,1.06,0.02,0.01,0.01,0.01,0.46,0.01,0.32,0.06,0.1,0.06,1.44,0.46,0.32,1.44
31,58,89,1.2,0.3,0.04,0.01,0.01,0.01,0.19,0.01,0.08,0.01,0.2,0.01,1.2,0.19,0.2,1.2
32,58,90,0.51,0.21,0.05,0.01,0.01,0.01,0.13,0.01,0.38,0.06,0.03,0.04,0.51,0.13,0.38,0.51
32,60,92,1.1,0.36,0.07,0.01,0.01,0.01,0.13,0.01,0.21,0.01,0.07,0.01,1.1,0.13,0.21,1.1
32,62,94,2.99,0.08,0.23,0.01,0.01,0.01,0.14,0.01,0.06,0.01,0.19,0.06,2.99,0.14,0.19,2.99
33,62,95,3.39,0.87,0.04,0.01,0.01,0.01,0.2,0.01,0.4,0.04,0.06,0.07,3.39,0.2,0.4,3.39
33,64,97,0.65,0.01,0.03,0.01,0.01,0.01,0.16,0.01,0.12,0.01,0.03,0.18,0.65,0.16,0.18,0.65
37,72,109,1.21,0.01,0.48,0.01,0.01,0.01,0.11,0.01,0.06,0.03,1.46,2.04,1.21,0.11,2.04,2.04
38,70,108,2.33,0.42,0.14,0.01,0.01,0.01,0.11,0.01,1.14,0.07,0.04,0.28,2.33,0.11,1.14,2.33
38,73,111,0.01,0.01,0.01,0.01,0.21,0.01,0.21,0.01,0.18,0.01,0.09,0.17,0.01,0.21,0.18,0.21
38,75,113,0.01,0.01,0.01,0.01,0.13,0.01,0.03,0.01,0.04,0.01,0.07,0.12,0.01,0.13,0.12,0.13
42,81,123,0.01,0.01,0.05,1.95,0.01,0.01,0.14,0.46,0.23,0.01,0.77,1.37,1.95,0.46,1.37,1.95
43,78,121,0.01,0.01,0.01,0.06,0.01,0.01,0.01,0.12,0.03,0.01,0.01,0.13,0.06,0.12,0.13,0.13
43,79,122,0.01,0.01,0.01,0.1,0.01,0.01,0.02,0.26,0.03,0.01,0.01,0.17,0.1,0.26,0.17,0.26
43,80,123,0.01,0.01,0.01,0.11,0.01,0.01,0.01,0.23,0.03,0.01,0.01,0.19,0.11,0.23,0.19,0.23
43,81,124,0.01,0.01,0.01,0.38,0.01,0.01,0.02,0.35,0.63,0.03,2.5,3.39,0.38,0.35,3.39,3.39
43,82,125,28.05,0.59,0.74,5.78,0.01,0.01,0.25,0.58,1.15,0.03,3.08,6.75,28.05,0.58,6.75,28.05
44,73,117,0.01,0.01,0.01,0.09,0.01,0.01,0.01,0.14,0.001,0.001,0.001,0.001,0.09,0.14,0.001,0.14
44,77,121,0.01,0.01,0.01,0.23,0.01,0.01,0.01,0.12,0.03,0.01,0.01,0.08,0.23,0.12,0.08,0.23
44,78,122,0.01,0.01,0.02,0.53,0.01,0.01,0.01,0.15,0.02,0.01,0.01,0.22,0.53,0.15,0.22,0.53
44,79,123,0.01,0.01,0.01,0.15,0.01,0.01,0.01,0.14,0.01,0.01,0.01,0.12,0.15,0.14,0.12,0.15
44,80,124,0.01,0.01,0.06,2.35,0.01,0.01,0.03,0.32,0.03,0.01,0.02,0.84,2.35,0.32,0.84,2.35
44,81,125,0.01,0.01,0.09,3.9,0.01,0.01,0.13,0.91,0.52,0.03,0.38,1.02,3.9,0.91,1.02,3.9
44,82,126,73.94,3.9,1.44,5.15,0.01,0.01,1.25,1.61,3.96,0.2,17.53,16.74,73.94,1.61,17.53,73.94
44,83,127,0.01,0.01,0.29,1.74,0.01,0.01,1.44,0.97,0.01,0.01,0.01,0.01,1.74,1.44,0.01,1.74
44,84,128,0.02,0.01,44.89,20.49,0.01,0.01,0.01,0.3,0.01,0.01,0.01,0.01,44.89,0.3,0.01,44.89
44,85,129,0.01,0.01,0.01,0.05,0.01,0.01,0.2,0.72,0.01,0.01,0.01,0.01,0.05,0.72,0.01,0.72
45,71,116,0.01,0.01,0.01,0.08,0.01,0.01,0.02,0.31,0.001,0.001,0.001,0.001,0.08,0.31,0.001,0.31
45,72,117,0.01,0.01,0.01,0.06,0.01,0.01,0.01,0.22,0.001,0.001,0.001,0.001,0.06,0.22,0.001,0.22
45,73,118,0.01,0.01,0.01,0.13,0.01,0.01,0.02,0.28,0.001,0.001,0.001,0.001,0.13,0.28,0.001,0.28
45,74,119,0.01,0.01,0.01,0.08,0.01,0.01,0.01,0.12,0.001,0.001,0.001,0.001,0.08,0.12,0.001,0.12
45,75,120,0.01,0.01,0.01,0.08,0.01,0.01,0.02,0.39,0.01,0.01,0.01,0.1,0.08,0.39,0.1,0.39
45,76,121,0.01,0.01,0.01,0.14,0.01,0.01,0.02,0.28,0.03,0.01,0.01,0.09,0.14,0.28,0.09,0.28
45,77,122,0.01,0.01,0.01,0.17,0.01,0.01,0.03,0.43,0.01,0.01,0.01,0.15,0.17,0.43,0.15,0.43
45,78,123,0.01,0.01,0.01,0.12,0.01,0.01,0.02,0.35,0.03,0.01,0.01,0.18,0.12,0.35,0.18,0.35
45,79,124,0.01,0.01,0.01,0.38,0.01,0.01,0.04,0.76,0.03,0.01,0.01,0.27,0.38,0.76,0.27,0.76
45,80,125,0.01,0.01,0.01,0.31,0.01,0.01,0.04,1.28,0.02,0.01,0.01,0.27,0.31,1.28,0.27,1.28
45,81,126,0.01,0.01,0.03,0.72,0.01,0.01,0.09,1.74,3.42,0.2,0.36,2.16,0.72,1.74,3.42,3.42
45,82,127,30.16,4.49,0.37,6.48,0.01,0.01,1.11,1.11,1.61,0.14,3.88,3.49,30.16,1.11,3.88,30.16
45,84,129,1.57,0.01,0.35,1.52,0.01,0.01,1.24,1.15,0.06,0.01,10.23,10.99,1.57,1.24,10.99,10.99
45,85,130,0.01,0.01,0.04,0.11,0.01,0.01,0.17,0.11,2.14,0.01,7.01,6.53,0.11,0.17,7.01,7.01
46,71,117,0.01,0.01,0.01,0.07,0.01,0.01,0.01,0.6,0.001,0.001,0.001,0.001,0.07,0.6,0.001,0.6
46,72,118,0.01,0.01,0.01,0.1,0.01,0.01,0.01,0.14,0.001,0.001,0.001,0.001,0.1,0.14,0.001,0.14
46,73,119,0.01,0.01,0.01,0.12,0.01,0.01,0.01,0.31,0.001,0.001,0.001,0.001,0.12,0.31,0.001,0.31
46,74,120,0.01,0.01,0.01,0.69,0.01,0.01,0.01,0.17,0.001,0.001,0.001,0.001,0.69,0.17,0.001,0.69
46,75,121,0.01,0.01,0.01,0.3,0.01,0.01,0.01,0.87,0.001,0.001,0.001,0.001,0.3,0.87,0.001,0.87
46,76,122,0.01,0.01,0.02,0.47,0.01,0.01,0.02,0.26,0.001,0.001,0.001,0.001,0.47,0.26,0.001,0.47
46,77,123,0.01,0.01,0.01,0.17,0.01,0.01,0.01,0.36,0.01,0.01,0.01,0.23,0.17,0.36,0.23,0.36
46,78,124,0.01,0.01,0.03,0.82,0.01,0.01,0.02,0.46,0.04,0.01,0.03,1.34,0.82,0.46,1.34,1.34
46,79,125,0.01,0.01,0.03,0.99,0.01,0.01,0.05,1.5,0.04,0.01,0.03,0.71,0.99,1.5,0.71,1.5
46,80,126,0.01,0.02,0.18,4.5,0.01,0.03,0.11,2.87,0.11,0.02,0.6,2.46,4.5,2.87,2.46,4.5
46,81,127,0.02,0.03,0.22,5.16,0.04,0.08,0.24,4.69,1.49,0.14,0.48,1.85,5.16,4.69,1.85,5.16
46,82,128,9.83,26.19,0.49,4.97,0.01,0.01,2.26,1.23,4.71,3.54,1.91,3.06,26.19,2.26,4.71,26.19
46,83,129,0.14,0.02,0.3,0.71,1.31,0.01,1.21,0.74,3.98,0.01,1.1,0.71,0.71,1.31,3.98,3.98
46,84,130,96.99,0.37,0.89,1.33,0.01,0.01,4.12,1.63,17.7,0.38,43.73,24.19,96.99,4.12,43.73,96.99
46,85,131,0.01,0.01,0.22,0.25,0.01,0.01,0.51,0.26,0.03,0.01,34.81,17.87,0.25,0.51,34.81,34.81
47,70,117,0.01,0.01,0.01,0.01,0.01,0.01,0.01,0.12,0.001,0.001,0.001,0.001,0.01,0.12,0.001,0.12
47,71,118,0.01,0.01,0.01,0.02,0.01,0.01,0.01,0.13,0.001,0.001,0.001,0.001,0.02,0.13,0.001,0.13
47,72,119,0.01,0.01,0.01,0.02,0.01,0.01,0.01,0.39,0.001,0.001,0.001,0.001,0.02,0.39,0.001,0.39
47,73,120,0.01,0.01,0.01,0.38,0.01,0.01,0.01,0.95,0.001,0.001,0.001,0.001,0.38,0.95,0.001,0.95
47,74,121,0.01,0.01,0.01,0.03,0.01,0.01,0.01,0.63,0.001,0.001,0.001,0.001,0.03,0.63,0.001,0.63
47,75,122,0.01,0.01,0.01,0.32,0.01,0.01,0.01,0.8,0.001,0.001,0.001,0.001,0.32,0.8,0.001,0.8
47,76,123,0.01,0.01,0.01,0.04,0.01,0.01,0.01,0.31,0.001,0.001,0.001,0.001,0.04,0.31,0.001,0.31
47,77,124,0.01,0.01,0.01,0.44,0.01,0.01,0.03,0.59,0.001,0.001,0.001,0.001,0.44,0.59,0.001,0.59
47,78,125,0.01,0.01,0.01,0.25,0.01,0.01,0.03,1,0.001,0.001,0.001,0.001,0.25,1,0.001,1
47,79,126,0.01,0.01,0.08,1.75,0.01,0.01,0.18,3.02,0.05,0.01,0.15,1.28,1.75,3.02,1.28,3.02
47,80,127,0.01,0.01,0.03,0.51,0.07,0.01,0.23,3.66,0.11,0.02,0.22,1.68,0.51,3.66,1.68,3.66
47,81,128,0.21,0.02,0.09,1.32,1.09,0.12,0.38,3.81,2.22,3.51,1.23,2.89,1.32,3.81,3.51,3.81
47,82,129,5.42,7.14,1.93,4.1,0.09,0.01,2.35,1.51,1.92,0.71,1.18,2.9,7.14,2.35,2.9,7.14
47,83,130,0.05,0.09,0.27,0.38,0.84,0.01,1.2,0.96,12.54,0.04,0.68,3.03,0.38,1.2,12.54,12.54
47,84,131,8.16,0.82,1.28,1.04,0.01,0.01,4.2,1.14,5.65,0.45,1.06,3.08,8.16,4.2,5.65,8.16
47,85,132,0.27,0.01,0.33,0.28,0.15,0.01,2.01,0.57,0.15,0.01,1.86,3.13,0.33,2.01,3.13,3.13
48,69,117,0.01,0.01,0.01,0.01,0.01,0.01,0.01,0.13,0.001,0.001,0.001,0.001,0.01,0.13,0.001,0.13
48,71,119,0.01,0.01,0.01,0.01,0.01,0.01,0.01,0.47,0.001,0.001,0.001,0.001,0.01,0.47,0.001,0.47
48,72,120,0.01,0.01,0.01,0.07,0.01,0.01,0.01,0.16,0.001,0.001,0.001,0.001,0.07,0.16,0.001,0.16
48,73,121,0.01,0.01,0.01,0.11,0.01,0.01,0.01,0.97,0.001,0.001,0.001,0.001,0.11,0.97,0.001,0.97
48,74,122,0.01,0.01,0.01,0.38,0.01,0.01,0.01,0.26,0.001,0.001,0.001,0.001,0.38,0.26,0.001,0.38
48,75,123,0.01,0.01,0.01,0.09,0.01,0.01,0.01,0.52,0.001,0.001,0.001,0.001,0.09,0.52,0.001,0.52
48,76,124,0.01,0.01,0.01,0.24,0.01,0.01,0.02,0.2,0.001,0.001,0.001,0.001,0.24,0.2,0.001,0.24
48,77,125,0.01,0.01,0.01,0.19,0.01,0.01,0.04,1.51,0.001,0.001,0.001,0.001,0.19,1.51,0.001,1.51
48,78,126,0.01,0.01,0.04,0.88,0.01,0.01,0.15,1.32,0.001,0.001,0.001,0.001,0.88,1.32,0.001,1.32
48,79,127,0.01,0.01,0.04,0.61,0.09,0.03,0.27,4.5,0.001,0.001,0.001,0.001,0.61,4.5,0.001,4.5
48,80,128,0.4,0.03,0.48,3.21,0.9,0.04,0.62,2.98,0.001,0.001,0.001,0.001,3.21,2.98,0.001,3.21
48,81,129,1.15,0.05,2.11,4.39,4.57,0.33,3.68,9.4,1.42,1.1,2.08,2.8,4.39,9.4,2.8,9.4
48,82,130,3.93,34.55,5.4,5.85,0.11,0.02,5.21,2.26,0.001,0.001,0.001,0.001,34.55,5.21,0.001,34.55
48,83,131,0.01,0.27,3.15,2.67,9.47,14.75,15.62,1.95,11.1,0.85,0.66,0.81,3.15,15.62,11.1,15.62
48,84,132,9.48,54.52,1.95,1.06,0.12,0.01,18.08,1.75,16.73,101.39,2.09,1.55,54.52,18.08,101.39,101.39
48,85,133,0.02,0.09,0.61,0.23,13.01,0.21,7.83,0.58,23.38,0.66,1.18,1.44,0.61,13.01,23.38,23.38
48,86,134,39.31,12.52,4.98,0.88,0.04,0.01,18.99,1.5,52.38,3.24,5.17,1.75,39.31,18.99,52.38,52.38
48,87,135,0.03,0.01,1.02,0.16,12.26,0.01,5.16,0.24,21.12,0.8,5.08,1.6,1.02,12.26,21.12,21.12
49,72,121,0.01,0.01,0.01,0.01,0.01,0.01,0.01,0.25,0.001,0.001,0.001,0.001,0.01,0.25,0.001,0.25
49,73,122,0.01,0.01,0.01,0.01,0.01,0.01,0.01,0.44,0.001,0.001,0.001,0.001,0.01,0.44,0.001,0.44
49,74,123,0.01,0.01,0.01,0.01,0.01,0.01,0.01,0.33,0.001,0.001,0.001,0.001,0.01,0.33,0.001,0.33
49,75,124,0.01,0.01,0.01,0.01,0.01,0.01,0.01,0.22,0.001,0.001,0.001,0.001,0.01,0.22,0.001,0.22
49,76,125,0.01,0.01,0.01,0.01,0.01,0.01,0.01,0.24,0.001,0.001,0.001,0.001,0.01,0.24,0.001,0.24
49,77,126,0.01,0.01,0.01,0.15,0.01,0.01,0.06,0.9,0.001,0.001,0.001,0.001,0.15,0.9,0.001,0.9
49,78,127,0.01,0.01,0.01,0.13,0.05,0.02,0.15,1.02,0.001,0.001,0.001,0.001,0.13,1.02,0.001,1.02
49,79,128,0.05,0.01,0.07,0.43,0.77,0.06,0.6,2.79,0.001,0.001,0.001,0.001,0.43,2.79,0.001,2.79
49,80,129,0.13,0.03,0.22,0.52,1.58,0.3,1.86,2.09,0.001,0.001,0.001,0.001,0.52,2.09,0.001,2.09
49,81,130,0.56,1.45,0.38,0.78,2.75,5.73,6.46,3.79,0.001,0.001,0.001,0.001,1.45,6.46,0.001,6.46
49,82,131,5.73,7.24,1.73,1.2,4.61,0.07,4.69,1.19,0.001,0.001,0.001,0.001,7.24,4.69,0.001,7.24
49,83,132,1.21,0.14,0.08,0.05,5.64,2.09,0.35,0.07,0.001,0.001,0.001,0.001,1.21,5.64,0.001,5.64
49,84,133,3.05,7.49,2.24,1.35,1.09,0.02,6.93,1.35,9.44,74.59,4.2,6.07,7.49,6.93,74.59,74.59
49,85,134,0.05,0.66,2.57,1.91,2.28,0.48,8.67,3.95,9.35,72.84,4.12,5.92,2.57,8.67,72.84,72.84
49,86,135,13.97,34.54,2.76,2.03,0.09,0.01,19.4,2.19,10.52,73.82,2.32,1.45,34.54,19.4,73.82,73.82
49,87,136,0.08,0.2,0.9,0.72,5.37,0.01,5.52,0.97,10.7,71.04,2.42,1.48,0.9,5.52,71.04,71.04
49,88,137,22.05,3.76,6.28,1.65,0.03,0.01,22.59,6.46,12.01,68.08,2.07,1.09,22.05,22.59,68.08,68.08
49,89,138,0.01,0.01,0.12,0.02,3.17,0.01,2.26,0.06,7.86,66.43,1.95,0.91,0.12,3.17,66.43,66.43
49,90,139,12.18,0.01,4.23,1.38,0.01,0.01,10.62,3.7,5.27,0.17,5.16,0.91,12.18,10.62,5.27,12.18
49,91,140,0.03,0.01,0.37,0.05,0.01,0.01,3.27,0.09,0.26,0.01,6.17,1.02,0.37,3.27,6.17,6.17
49,92,141,0.19,0.01,0.48,0.07,0.01,0.01,3.87,0.15,2.91,0.01,6.53,1,0.48,3.87,6.53,6.53
49,93,142,0.01,0.01,0.11,0.02,0.01,0.01,1.23,0.03,0.66,0.01,5.4,0.89,0.11,1.23,5.4,5.4
49,94,143,0.74,0.01,2.37,0.47,0.01,0.01,7.18,0.98,0.98,0.01,6.39,1.95,2.37,7.18,6.39,7.18
49,95,144,0.01,0.01,0.03,0.01,0.01,0.01,0.43,0.02,0.08,0.01,5.7,1.44,0.03,0.43,5.7,5.7
49,96,145,0.1,0.01,1.35,0.42,0.01,0.01,3.88,0.87,0.05,0.01,1.26,0.55,1.35,3.88,1.26,3.88
49,97,146,0.01,0.01,0.05,0.01,0.01,0.01,0.17,0.02,0.02,0.01,1.07,0.53,0.05,0.17,1.07,1.07
49,98,147,0.01,0.01,0.94,0.27,0.01,0.01,0.61,0.2,0.03,0.01,2.04,1.63,0.94,0.61,2.04,2.04
49,100,149,0.01,0.01,14.56,0.62,0.01,0.01,0.01,0.16,0.02,0.01,0.81,0.67,14.56,0.16,0.81,14.56
49,102,151,0.001,0.001,0.001,3.61,0.001,0.001,0.001,0.23,0.02,0.01,0.56,0.41,3.61,0.23,0.56,3.61
49,103,152,0.001,0.001,0.001,0.03,0.001,0.001,0.001,0.2,0.01,0.01,0.01,0.01,0.03,0.2,0.01,0.2
50,75,125,0.01,0.01,0.01,0.01,0.01,0.01,0.01,0.37,0.001,0.001,0.001,0.001,0.01,0.37,0.001,0.37
50,76,126,0.01,0.01,0.01,0.01,0.01,0.01,0.03,0.28,0.001,0.001,0.001,0.001,0.01,0.28,0.001,0.28
50,77,127,0.01,0.01,0.01,0.04,0.07,0.02,0.17,1.77,0.001,0.001,0.001,0.001,0.04,1.77,0.001,1.77
50,78,128,0.01,0.01,0.01,0.01,0.65,0.06,0.5,1.21,0.001,0.001,0.001,0.001,0.01,1.21,0.001,1.21
50,79,129,0.02,0.01,0.02,0.09,2.87,0.68,2.92,3.55,0.001,0.001,0.001,0.001,0.09,3.55,0.001,3.55
50,80,130,0.13,0.26,0.16,0.28,6.59,11.9,8.67,4.47,0.001,0.001,0.001,0.001,0.28,11.9,0.001,11.9
50,81,131,0.39,0.15,0.24,0.15,20.92,6.02,9.46,3.28,0.001,0.001,0.001,0.001,0.39,20.92,0.001,20.92
50,82,132,1.45,1.2,2.08,0.84,2.46,0.1,14.17,1.92,0.001,0.001,0.001,0.001,2.08,14.17,0.001,14.17
50,83,133,0.04,0.01,0.2,0.06,3.15,30.6,5.36,0.92,0.001,0.001,0.001,0.001,0.2,30.6,0.001,30.6
50,84,134,1.18,14.88,4.67,1.34,1.17,1.01,3.89,0.49,0.001,0.001,0.001,0.001,14.88,3.89,0.001,14.88
50,85,135,0.01,0.01,2.59,0.6,2.22,14.29,3.79,0.86,0.001,0.001,0.001,0.001,2.59,14.29,0.001,14.29
50,86,136,0.73,18.22,2.86,0.45,0.47,0.17,6.16,0.38,2.37,83.68,0.89,0.31,18.22,6.16,83.68,83.68
50,87,137,0.01,0.11,0.59,0.13,3.03,18.58,6.09,0.23,2.17,3.82,0.83,0.33,0.59,18.58,3.82,18.58
50,88,138,3.99,56.73,1.55,0.18,0.09,0.01,11.43,0.42,4.55,29.64,1.05,0.36,56.73,11.43,29.64,56.73
50,89,139,0.01,0.07,0.72,0.07,9.8,2.73,6.12,0.14,2.77,2.69,0.93,0.33,0.72,9.8,2.77,9.8
50,90,140,24.16,44.68,6.28,0.59,0.11,0.01,4.94,0.41,13.45,19.25,2.25,0.53,44.68,4.94,19.25,44.68
50,91,141,0.01,0.01,0.44,0.03,27.64,0.01,0.72,0.01,6.26,1.75,1.51,0.29,0.44,27.64,6.26,27.64
50,92,142,5.81,0.19,4.37,0.42,0.16,0.01,2.1,0.28,6.08,2,2.83,0.41,5.81,2.1,6.08,6.08
50,93,143,0.01,0.01,0.01,0.01,13.74,0.01,0.05,0.01,3.33,0.01,2.49,0.46,0.01,13.74,3.33,13.74
50,94,144,3.9,0.01,0.39,0.12,0.03,0.01,0.99,0.09,9.11,0.01,3.37,0.6,3.9,0.99,9.11,9.11
50,95,145,0.01,0.01,0.03,0.01,2.22,0.01,0.11,0.01,2.4,0.01,2.25,0.52,0.03,2.22,2.4,2.4
50,96,146,8.06,0.01,1.39,0.29,0.01,0.01,2.74,0.13,2.33,0.01,0.81,0.4,8.06,2.74,2.33,8.06
50,97,147,0.03,0.01,0.12,0.02,0.13,0.01,0.3,0.01,0.26,0.01,0.71,0.36,0.12,0.3,0.71,0.71
50,98,148,4.67,0.01,1.63,0.6,0.01,0.01,1.15,0.28,2.71,0.01,1.87,0.6,4.67,1.15,2.71,4.67
50,99,149,0.01,0.01,0.04,0.01,0.01,0.01,0.1,0.01,0.02,0.01,1.9,0.84,0.04,0.1,1.9,1.9
50,100,150,0.52,0.01,1.84,0.95,0.01,0.01,0.45,0.38,1.37,0.01,1.78,2.37,1.84,0.45,2.37,2.37
50,101,151,0.01,0.01,0.16,0.06,0.01,0.01,0.11,0.02,0.01,0.01,2.15,1.46,0.16,0.11,2.15,2.15
50,102,152,0.01,0.01,10.04,1.69,0.01,0.01,0.01,0.29,0.03,0.01,1.04,1.38,10.04,0.29,1.38,10.04
51,78,129,0.01,0.01,0.01,0.01,0.17,0.03,0.05,0.14,0.001,0.001,0.001,0.001,0.01,0.17,0.001,0.17
51,79,130,0.01,0.01,0.01,0.01,0.35,0.5,0.15,0.23,0.001,0.001,0.001,0.001,0.01,0.5,0.001,0.5
51,80,131,0.01,0.01,0.01,0.01,1.4,0.42,0.44,0.15,0.001,0.001,0.001,0.001,0.01,1.4,0.001,1.4
51,81,132,0.01,0.01,0.01,0.01,2.44,1.25,1.93,0.5,0.001,0.001,0.001,0.001,0.01,2.44,0.001,2.44
51,82,133,0.01,0.53,0.07,0.04,0.48,19.49,2.75,0.18,0.001,0.001,0.001,0.001,0.53,19.49,0.001,19.49
51,83,134,0.01,1.01,0.04,0.01,0.66,14.18,3.39,0.42,0.001,0.001,0.001,0.001,1.01,14.18,0.001,14.18
51,84,135,0.28,2.01,1.23,0.48,0.23,11.77,2.16,0.16,0.001,0.001,0.001,0.001,2.01,11.77,0.001,11.77
51,85,136,0.21,1.08,0.58,0.15,0.26,7.3,1.04,0.1,0.001,0.001,0.001,0.001,1.08,7.3,0.001,7.3
51,86,137,1.76,2.64,1.39,0.13,2.79,8.8,1.38,0.07,0.001,0.001,0.001,0.001,2.64,8.8,0.001,8.8
51,87,138,3.44,7.25,0.16,0.02,5.7,0.02,0.37,0.03,0.76,19.19,0.89,0.33,7.25,5.7,19.19,19.19
51,88,139,3.49,6.76,1.71,0.08,0.18,0.02,2.68,0.15,0.87,17.3,0.85,0.32,6.76,2.68,17.3,17.3
51,89,140,0.01,0.02,0.2,0.02,2.65,3.4,1.79,0.08,1.28,14.11,1.04,0.34,0.2,3.4,14.11,14.11
51,90,141,3.23,10.39,0.2,0.04,0.04,0.01,4.11,0.24,1.17,12.16,0.77,0.3,10.39,4.11,12.16,12.16
51,91,142,0.01,0.03,0.07,0.01,2.33,0.81,0.64,0.03,1.23,11.66,0.91,0.39,0.07,2.33,11.66,11.66
51,92,143,0.68,1.62,0.3,0.05,0.1,0.01,1.86,0.12,1.92,3.92,1.36,0.28,1.62,1.86,3.92,3.92
51,93,144,0.01,0.06,0.03,0.01,0.4,0.09,0.39,0.02,2.44,0.11,1.34,0.33,0.06,0.4,2.44,2.44
51,94,145,1.37,2.43,0.26,0.09,0.03,0.01,1.57,0.11,1.16,2.12,0.56,0.2,2.43,1.57,2.12,2.43
51,95,146,0.03,0.46,0.02,0.01,0.46,0.01,0.32,0.03,0.27,0.04,0.49,0.15,0.46,0.46,0.49,0.49
51,96,147,2.27,4.33,0.34,0.25,0.01,0.01,1.67,0.16,1.01,2.32,0.44,0.26,4.33,1.67,2.32,4.33
51,97,148,0.03,0.04,0.02,0.02,0.07,0.01,0.49,0.05,0.88,0.03,0.34,0.28,0.04,0.49,0.88,0.88
51,98,149,3.71,0.34,0.33,0.3,0.01,0.01,1.65,0.2,2.58,0.55,1.18,0.42,3.71,1.65,2.58,3.71
51,99,150,0.27,0.01,0.03,0.02,0.01,0.01,0.39,0.03,1.55,0.01,1.16,0.42,0.27,0.39,1.55,1.55
51,100,151,6.66,0.01,0.66,0.36,0.01,0.01,1.52,0.24,0.59,0.01,1.63,0.59,6.66,1.52,1.63,6.66
51,101,152,0.15,0.01,0.04,0.01,0.01,0.01,0.2,0.01,0.08,0.01,1.3,0.63,0.15,0.2,1.3,1.3
51,102,153,0.88,0.01,1.33,0.49,0.01,0.01,0.78,0.32,0.25,0.01,1.93,1.12,1.33,0.78,1.93,1.93
51,103,154,0.01,0.01,0.11,0.03,0.01,0.01,0.18,0.02,0.02,0.01,1.39,1.03,0.11,0.18,1.39,1.39
51,104,155,0.01,0.01,14.56,0.6,0.01,0.01,0.01,0.25,0.02,0.01,1.55,1.33,14.56,0.25,1.55,14.56
51,106,157,0.001,0.001,0.001,1.5,0.001,0.001,0.001,0.24,0.03,0.01,0.42,0.3,1.5,0.24,0.42,1.5
52,81,133,0.01,0.02,0.01,0.01,0.05,0.9,0.14,0.04,0.001,0.001,0.001,0.001,0.02,0.9,0.001,0.9
52,82,134,0.01,0.01,0.01,0.01,0.03,0.06,0.13,0.01,0.001,0.001,0.001,0.001,0.01,0.13,0.001,0.13
52,83,135,0.01,0.01,0.01,0.01,0.09,0.38,0.48,0.02,0.001,0.001,0.001,0.001,0.01,0.48,0.001,0.48
52,84,136,0.14,0.07,0.06,0.02,1.3,0.22,0.37,0.01,0.001,0.001,0.001,0.001,0.14,1.3,0.001,1.3
52,85,137,0.37,0.01,0.07,0.01,1.84,0.7,0.39,0.01,0.001,0.001,0.001,0.001,0.37,1.84,0.001,1.84
52,86,138,0.44,0.06,0.2,0.01,0.46,0.93,0.51,0.01,0.001,0.001,0.001,0.001,0.44,0.93,0.001,0.93
52,87,139,0.22,0.01,0.06,0.01,0.38,0.6,0.29,0.01,0.001,0.001,0.001,0.001,0.22,0.6,0.001,0.6
52,88,140,0.99,0.64,0.89,0.12,1.1,0.14,1.17,0.06,0.001,0.001,0.001,0.001,0.99,1.17,0.001,1.17
52,89,141,0.03,0.01,0.02,0.01,0.81,0.12,0.21,0.02,2.18,4.13,3.44,1.46,0.03,0.81,4.13,4.13
52,90,142,0.92,1.12,0.6,0.12,0.12,0.04,0.44,0.05,1.34,3.98,2.22,1.05,1.12,0.44,3.98,3.98
52,91,143,0.01,0.01,0.06,0.01,0.29,0.54,0.1,0.02,1.39,3.79,2.03,1.03,0.06,0.54,3.79,3.79
52,92,144,0.46,1.68,0.58,0.18,0.09,0.03,0.22,0.05,0.47,2.21,0.4,0.23,1.68,0.22,2.21,2.21
52,93,145,0.01,0.01,0.07,0.04,0.3,0.25,0.02,0.01,0.45,0.74,0.27,0.16,0.07,0.3,0.74,0.74
52,94,146,0.55,1.84,0.67,0.42,0.06,0.01,0.19,0.07,0.57,1.94,0.17,0.12,1.84,0.19,1.94,1.94
52,95,147,0.01,0.01,0.08,0.08,0.35,0.18,0.06,0.01,0.4,0.22,0.09,0.08,0.08,0.35,0.4,0.4
52,96,148,1.72,4.36,0.83,0.63,0.03,0.01,0.4,0.08,0.55,4.17,0.25,0.2,4.36,0.4,4.17,4.36
52,97,149,0.01,0.03,0.08,0.07,0.43,0.19,0.21,0.03,0.81,0.06,0.19,0.13,0.08,0.43,0.81,0.81
52,98,150,1.7,4.9,1.15,0.75,0.02,0.01,0.91,0.1,2.11,1.16,0.39,0.26,4.9,0.91,2.11,4.9
52,100,152,8.37,3.93,1.49,0.69,0.01,0.01,2.66,0.14,2.44,0.61,0.87,0.29,8.37,2.66,2.44,8.37
52,101,153,0.01,0.01,0.14,0.03,0.26,0.01,0.48,0.01,0.49,0.01,0.26,0.17,0.14,0.48,0.49,0.49
52,102,154,5.67,0.01,1.75,0.68,0.01,0.01,1.78,0.31,1.35,0.01,2.94,0.93,5.67,1.78,2.94,5.67
52,103,155,0.01,0.01,0.27,0.08,0.01,0.01,0.52,0.03,0.04,0.01,1.83,0.61,0.27,0.52,1.83,1.83
52,104,156,0.45,0.01,4.14,1.47,0.01,0.01,0.42,0.26,0.46,0.01,3.26,2.4,4.14,0.42,3.26,4.14
52,106,158,0.01,0.01,7.31,2.43,0.01,0.01,0.01,0.28,0.02,0.01,0.88,1.44,7.31,0.28,1.44,7.31
53,83,136,0.01,0.01,0.01,0.01,0.63,0.11,0.15,0.01,0.001,0.001,0.001,0.001,0.01,0.63,0.001,0.63
53,84,137,0.12,0.01,0.01,0.01,0.47,0.01,0.09,0.01,0.001,0.001,0.001,0.001,0.12,0.47,0.001,0.47
53,85,138,0.11,0.01,0.01,0.01,1.47,0.05,0.42,0.01,0.001,0.001,0.001,0.001,0.11,1.47,0.001,1.47
53,86,139,0.17,0.02,0.06,0.01,0.22,0.05,0.21,0.01,0.001,0.001,0.001,0.001,0.17,0.22,0.001,0.22
53,87,140,0.36,0.13,0.26,0.03,0.55,0.21,0.57,0.04,0.001,0.001,0.001,0.001,0.36,0.57,0.001,0.57
53,88,141,0.15,0.19,0.3,0.02,0.32,0.11,0.53,0.04,1.47,2.4,1.24,0.61,0.3,0.53,2.4,2.4
53,89,142,0.06,0.01,0.06,0.01,0.76,0.14,0.72,0.06,0.001,0.001,0.001,0.001,0.06,0.76,0.001,0.76
53,90,143,0.09,0.19,0.18,0.03,0.55,0.07,0.7,0.1,0.93,1.88,1.38,0.63,0.19,0.7,1.88,1.88
53,91,144,0.04,0.03,0.08,0.02,0.41,0.48,0.51,0.06,0.37,1.04,0.25,0.09,0.08,0.51,1.04,1.04
53,92,145,0.32,1.14,0.1,0.04,0.06,0.02,0.65,0.15,0.11,1.14,0.21,0.11,1.14,0.65,1.14,1.14
53,93,146,0.04,0.04,0.1,0.05,0.18,0.08,0.53,0.1,0.1,0.33,0.18,0.11,0.1,0.53,0.33,0.53
53,94,147,0.74,1.53,0.1,0.06,0.04,0.01,0.67,0.24,0.16,1.04,0.19,0.19,1.53,0.67,1.04,1.53
53,95,148,0.01,0.03,0.05,0.03,0.63,0.12,0.56,0.15,0.18,0.95,0.19,0.17,0.05,0.63,0.95,0.95
53,96,149,1.66,1.76,0.12,0.09,0.04,0.01,1.26,0.55,0.55,2.37,0.43,0.35,1.76,1.26,2.37,2.37
53,97,150,0.02,0.05,0.03,0.03,0.2,0.03,0.55,0.16,0.47,0.86,0.43,0.37,0.05,0.55,0.86,0.86
53,98,151,1.94,2.69,0.15,0.12,0.02,0.01,1.12,0.41,0.82,4.04,0.59,0.48,2.69,1.12,4.04,4.04
53,99,152,0.04,0.28,0.03,0.03,0.36,0.01,0.54,0.14,0.47,0.32,0.18,0.08,0.28,0.54,0.47,0.54
53,100,153,1.69,7.4,0.21,0.19,0.01,0.01,1.12,0.25,1.33,0.91,0.73,0.42,7.4,1.12,1.33,7.4
53,101,154,0.03,0.33,0.03,0.04,0.15,0.01,0.47,0.09,1.06,0.86,0.73,0.53,0.33,0.47,1.06,1.06
53,102,155,3.53,2.94,0.26,0.29,0.01,0.01,1.26,0.21,3.2,0.83,0.89,0.64,3.53,1.26,3.2,3.53
53,103,156,0.87,0.03,0.06,0.06,0.01,0.01,0.42,0.06,0.16,0.01,0.95,0.58,0.87,0.42,0.95,0.95
53,104,157,9.59,0.01,1.08,0.92,0.01,0.01,1.54,0.35,1.5,0.01,0.3,0.13,9.59,1.54,1.5,9.59
53,105,158,0.02,0.01,0.11,0.04,0.01,0.01,0.24,0.03,0.09,0.01,1.38,0.67,0.11,0.24,1.38,1.38
53,106,159,0.12,0.01,0.99,0.4,0.01,0.01,0.88,0.34,0.08,0.01,3.1,1.8,0.99,0.88,3.1,3.1
53,107,160,0.01,0.01,0.08,0.03,0.01,0.01,0.27,0.02,0.01,0.01,2.84,1.45,0.08,0.27,2.84,2.84
53,108,161,0.01,0.01,1,0.42,0.01,0.01,0.4,0.31,0.04,0.01,2.2,1.61,1,0.4,2.2,2.2
53,110,163,0.01,0.01,9.03,0.64,0.01,0.01,0.01,0.36,0.02,0.01,1.05,0.83,9.03,0.36,1.05,9.03
53,112,165,0.001,0.001,0.001,0.47,0.001,0.001,0.001,0.19,0.02,0.01,0.24,0.39,0.47,0.19,0.39,0.47
54,86,140,0.02,0.02,0.03,0.01,0.14,0.08,0.16,0.01,0.001,0.001,0.001,0.001,0.03,0.16,0.001,0.16
54,87,141,0.01,0.01,0.01,0.01,0.19,0.09,0.17,0.01,0.001,0.001,0.001,0.001,0.01,0.19,0.001,0.19
54,88,142,0.19,0.06,0.26,0.03,0.26,0.02,0.39,0.02,0.001,0.001,0.001,0.001,0.26,0.39,0.001,0.39
54,89,143,0.02,0.01,0.02,0.01,0.14,0.04,0.14,0.02,0.001,0.001,0.001,0.001,0.02,0.14,0.001,0.14
54,90,144,0.45,0.74,0.18,0.05,0.07,0.06,0.11,0.01,0.001,0.001,0.001,0.001,0.74,0.11,0.001,0.74
54,91,145,0.1,0.02,0.06,0.02,0.19,0.3,0.07,0.02,0.001,0.001,0.001,0.001,0.1,0.3,0.001,0.3
54,92,146,1.34,0.94,0.32,0.15,0.19,0.17,0.24,0.07,0.001,0.001,0.001,0.001,1.34,0.24,0.001,1.34
54,93,147,0.08,0.01,0.12,0.06,0.75,0.88,0.06,0.03,0.36,0.95,0.13,0.09,0.12,0.88,0.95,0.95
54,94,148,1.71,1.1,0.66,0.38,0.12,0.06,0.23,0.09,0.3,1.93,0.26,0.19,1.71,0.23,1.93,1.93
54,95,149,0.02,0.01,0.09,0.07,0.39,0.51,0.07,0.04,0.28,0.68,0.15,0.1,0.09,0.51,0.68,0.68
54,96,150,1.02,1.64,0.74,0.47,0.22,0.02,0.25,0.13,0.6,2.8,0.3,0.22,1.64,0.25,2.8,2.8
54,97,151,0.01,0.01,0.08,0.08,0.51,0.29,0.02,0.02,0.54,1.27,0.2,0.18,0.08,0.51,1.27,1.27
54,98,152,0.54,1.26,0.79,0.6,0.11,0.01,0.13,0.09,0.81,2.34,0.23,0.18,1.26,0.13,2.34,2.34
54,99,153,0.01,0.01,0.05,0.05,0.29,0.1,0.04,0.02,0.5,0.86,0.13,0.12,0.05,0.29,0.86,0.86
54,100,154,1.5,1.75,1.16,1.09,0.03,0.01,0.29,0.09,0.72,3.68,0.32,0.26,1.75,0.29,3.68,3.68
54,101,155,0.01,0.02,0.14,0.13,0.23,0.11,0.27,0.05,0.85,0.71,0.16,0.13,0.14,0.27,0.85,0.85
54,102,156,4.5,25.18,1.45,1.21,0.01,0.01,0.92,0.13,1.27,1.73,0.36,0.28,25.18,0.92,1.73,25.18
54,103,157,0.02,0.05,0.2,0.09,0.19,0.01,0.27,0.02,0.75,0.01,0.21,0.17,0.2,0.27,0.75,0.75
54,104,158,17.28,1.36,2.38,0.93,0.01,0.01,0.84,0.13,3.26,0.2,1.03,0.37,17.28,0.84,3.26,17.28
54,106,160,4.19,0.01,2.34,0.92,0.01,0.01,0.97,0.21,1.13,0.13,1.77,0.43,4.19,0.97,1.77,4.19
54,107,161,0.01,0.01,0.16,0.04,0.01,0.01,0.32,0.02,0.07,0.01,1.05,0.3,0.16,0.32,1.05,1.05
54,108,162,0.19,0.01,1.37,0.66,0.01,0.01,0.38,0.21,0.34,0.01,3.04,1.1,1.37,0.38,3.04,3.04
54,110,164,0.01,0.01,1.13,0.77,0.01,0.01,0.13,0.18,0.03,0.01,0.85,0.48,1.13,0.18,0.85,1.13
54,112,166,0.01,0.01,4.11,1.83,0.01,0.01,0.01,0.27,0.02,0.01,0.58,0.55,4.11,0.27,0.58,4.11
55,84,139,0.01,0.01,0.01,0.01,0.14,0.04,0.02,0.01,0.001,0.001,0.001,0.001,0.01,0.14,0.001,0.14
55,85,140,0.01,0.01,0.01,0.01,0.21,0.13,0.12,0.01,0.001,0.001,0.001,0.001,0.01,0.21,0.001,0.21
55,87,142,0.01,0.01,0.01,0.01,0.31,0.05,0.12,0.02,0.001,0.001,0.001,0.001,0.01,0.31,0.001,0.31
55,88,143,0.02,0.01,0.01,0.01,0.09,0.05,0.12,0.01,0.001,0.001,0.001,0.001,0.02,0.12,0.001,0.12
55,89,144,0.06,0.05,0.04,0.01,0.48,0.52,0.25,0.04,0.001,0.001,0.001,0.001,0.06,0.52,0.001,0.52
55,90,145,0.04,0.1,0.03,0.01,0.27,0.19,0.19,0.03,0.001,0.001,0.001,0.001,0.1,0.27,0.001,0.27
55,91,146,0.18,0.05,0.07,0.03,0.95,0.59,0.37,0.08,0.001,0.001,0.001,0.001,0.18,0.95,0.001,0.95
55,92,147,0.12,0.17,0.09,0.04,0.59,0.17,0.36,0.11,0.001,0.001,0.001,0.001,0.17,0.59,0.001,0.59
55,93,148,0.17,0.09,0.06,0.04,1.17,0.71,0.49,0.1,0.001,0.001,0.001,0.001,0.17,1.17,0.001,1.17
55,94,149,0.24,0.36,0.07,0.04,0.91,0.2,0.77,0.28,1.16,1.33,0.21,0.14,0.36,0.91,1.33,1.33
55,95,150,0.11,0.04,0.06,0.03,0.85,0.62,0.86,0.21,1.12,0.95,0.23,0.17,0.11,0.86,1.12,1.12
55,96,151,0.46,1.16,0.19,0.12,0.45,0.05,1.14,0.46,0.79,2.01,0.37,0.27,1.16,1.14,2.01,2.01
55,97,152,0.24,0.09,0.16,0.11,0.51,0.21,0.7,0.25,0.67,0.94,0.37,0.4,0.24,0.7,0.94,0.94
55,98,153,0.65,2.17,0.19,0.14,0.14,0.01,1.19,0.5,0.56,2.77,0.56,0.41,2.17,1.19,2.77,2.77
55,99,154,0.06,0.13,0.02,0.02,0.32,0.13,0.41,0.09,0.38,0.85,0.53,0.39,0.13,0.41,0.85,0.85
55,100,155,1.96,1.29,0.11,0.1,0.05,0.01,1.1,0.46,0.52,1.62,0.48,0.38,1.96,1.1,1.62,1.96
55,101,156,0.03,0.04,0.09,0.08,0.32,0.08,0.9,0.29,0.41,1.05,0.48,0.45,0.09,0.9,1.05,1.05
55,102,157,4.95,6.09,0.23,0.24,0.01,0.01,1.49,0.51,0.99,0.75,0.85,0.62,6.09,1.49,0.99,6.09
55,103,158,0.06,0.5,0.09,0.1,0.21,0.02,0.96,0.24,0.64,0.18,0.76,0.59,0.5,0.96,0.76,0.96
55,104,159,3.05,11.33,0.42,0.4,0.01,0.01,1.8,0.42,1.62,1.25,0.97,0.84,11.33,1.8,1.62,11.33
55,105,160,0.04,0.03,0.08,0.09,0.1,0.01,0.83,0.16,0.98,0.1,0.85,0.55,0.09,0.83,0.98,0.98
55,106,161,5.22,0.4,0.29,0.28,0.01,0.01,1.83,0.3,2.53,0.51,1.11,0.51,5.22,1.83,2.53,5.22
55,107,162,0.08,0.01,0.07,0.09,0.04,0.01,1.01,0.14,1.05,0.18,0.96,0.43,0.09,1.01,1.05,1.05
55,108,163,5.23,0.01,0.24,0.26,0.01,0.01,1.88,0.3,1.22,0.01,1.44,0.47,5.23,1.88,1.44,5.23
55,109,164,0.19,0.01,0.02,0.03,0.01,0.01,0.25,0.02,0.12,0.01,1.25,0.4,0.19,0.25,1.25,1.25
55,110,165,1.03,0.01,0.26,0.27,0.01,0.01,1.62,0.27,0.14,0.01,1.98,0.7,1.03,1.62,1.98,1.98
55,111,166,0.01,0.01,0.06,0.04,0.01,0.01,0.36,0.03,0.02,0.01,1.54,0.63,0.06,0.36,1.54,1.54
55,112,167,0.01,0.01,0.52,0.36,0.01,0.01,1.29,0.31,0.11,0.01,4.02,0.85,0.52,1.29,4.02,4.02
55,113,168,0.01,0.01,0.13,0.05,0.01,0.01,0.42,0.05,0.02,0.01,3.06,2.72,0.13,0.42,3.06,3.06
55,114,169,0.01,0.01,0.64,0.22,0.01,0.01,0.47,0.26,0.01,0.01,2.69,2.86,0.64,0.47,2.86,2.86
55,115,170,0.01,0.01,0.19,0.04,0.01,0.01,0.15,0.05,0.02,0.01,2.06,2.26,0.19,0.15,2.26,2.26
55,116,171,0.01,0.01,9.44,0.21,0.01,0.01,0.01,0.27,0.02,0.01,1.93,2.18,9.44,0.27,2.18,9.44
55,118,173,0.001,0.001,0.001,0.66,0.001,0.001,0.001,0.35,0.02,0.01,0.94,1.21,0.66,0.35,1.21,1.21
55,120,175,0.001,0.001,0.001,0.27,0.001,0.001,0.001,0.25,0.01,0.01,0.38,0.74,0.27,0.25,0.74,0.74
56,89,145,0.07,0.07,0.02,0.01,0.37,0.3,0.15,0.01,0.001,0.001,0.001,0.001,0.07,0.37,0.001,0.37
56,90,146,0.15,0.15,0.06,0.02,0.33,0.25,0.07,0.01,0.001,0.001,0.001,0.001,0.15,0.33,0.001,0.33
56,91,147,0.14,0.08,0.04,0.01,0.58,0.44,0.25,0.04,0.001,0.001,0.001,0.001,0.14,0.58,0.001,0.58
56,92,148,0.39,0.37,0.15,0.08,0.46,0.11,0.12,0.03,0.001,0.001,0.001,0.001,0.39,0.46,0.001,0.46
56,93,149,0.14,0.09,0.06,0.05,0.19,0.22,0.07,0.04,0.15,0.87,0.12,0.11,0.14,0.22,0.87,0.87
56,94,150,0.64,0.85,0.27,0.19,0.52,0.18,0.2,0.06,0.49,1.22,0.21,0.15,0.85,0.52,1.22,1.22
56,95,151,0.13,0.05,0.09,0.06,0.2,0.39,0.08,0.04,0.28,0.89,0.12,0.11,0.13,0.39,0.89,0.89
56,96,152,0.58,0.8,0.32,0.24,0.27,0.37,0.23,0.1,0.47,1.58,0.28,0.2,0.8,0.37,1.58,1.58
56,97,153,0.2,0.07,0.05,0.04,0.21,0.71,0.01,0.01,0.52,1.47,0.16,0.13,0.2,0.71,1.47,1.47
56,98,154,1.66,1.03,0.46,0.35,0.18,0.14,0.15,0.09,0.33,1.61,0.23,0.16,1.66,0.18,1.61,1.66
56,99,155,0.08,0.02,0.06,0.05,0.34,0.33,0.05,0.03,0.23,0.82,0.12,0.1,0.08,0.34,0.82,0.82
56,100,156,2.77,1.77,1.12,0.93,0.41,0.03,0.17,0.11,0.78,2.23,0.36,0.25,2.77,0.41,2.23,2.77
56,101,157,0.05,0.01,0.2,0.19,0.57,0.21,0.12,0.07,0.63,0.89,0.19,0.14,0.2,0.57,0.89,0.89
56,102,158,3.61,5.3,1.63,1.29,0.09,0.01,0.3,0.17,0.86,2.58,0.38,0.21,5.3,0.3,2.58,5.3
56,103,159,0.01,0.03,0.19,0.18,0.39,0.1,0.05,0.03,0.68,1.23,0.24,0.15,0.19,0.39,1.23,1.23
56,104,160,3.1,9.77,1.32,1.1,0.01,0.01,0.19,0.09,0.8,3.32,0.38,0.22,9.77,0.19,3.32,9.77
56,105,161,0.01,0.05,0.08,0.07,0.43,0.08,0.02,0.01,0.57,0.06,0.3,0.17,0.08,0.43,0.57,0.57
56,106,162,2.47,4.24,1.07,0.72,0.01,0.01,0.13,0.05,1.53,1.04,0.38,0.22,4.24,0.13,1.53,4.24
56,107,163,0.01,0.01,0.06,0.04,0.48,0.01,0.05,0.01,0.99,1.31,0.23,0.12,0.06,0.48,1.31,1.31
56,108,164,4.69,0.41,1.13,0.61,0.01,0.01,0.19,0.04,2.25,0.21,0.57,0.22,4.69,0.19,2.25,4.69
56,110,166,7.64,0.01,1.3,0.54,0.01,0.01,0.28,0.04,1.39,0.01,1.21,0.35,7.64,0.28,1.39,7.64
56,112,168,2.44,0.01,2.11,0.58,0.01,0.01,0.85,0.06,0.18,0.01,1.49,0.37,2.44,0.85,1.49,2.44
56,113,169,0.01,0.01,0.28,0.04,0.01,0.01,0.33,0.01,0.04,0.01,0.87,0.26,0.28,0.33,0.87,0.87
56,114,170,0.03,0.01,3.16,1.54,0.01,0.01,0.2,0.13,0.32,0.01,1.25,0.62,3.16,0.2,1.25,3.16
56,116,172,0.01,0.01,4.58,1.36,0.01,0.01,0.01,0.2,0.02,0.01,0.98,0.59,4.58,0.2,0.98,4.58
56,122,178,0.001,0.001,0.001,0.21,0.001,0.001,0.001,0.1,0.02,0.01,0.13,0.21,0.21,0.1,0.21,0.21
57,88,145,0.01,0.01,0.01,0.01,0.18,0.13,0.03,0.01,0.001,0.001,0.001,0.001,0.01,0.18,0.001,0.18
57,89,146,0.05,0.04,0.02,0.01,0.47,0.32,0.03,0.02,0.001,0.001,0.001,0.001,0.05,0.47,0.001,0.47
57,90,147,0.02,0.01,0.01,0.01,0.43,0.27,0.13,0.02,0.001,0.001,0.001,0.001,0.02,0.43,0.001,0.43
57,91,148,0.07,0.07,0.03,0.02,0.52,0.42,0.19,0.1,0.001,0.001,0.001,0.001,0.07,0.52,0.001,0.52
57,92,149,0.05,0.04,0.02,0.01,0.46,0.29,0.18,0.1,0.001,0.001,0.001,0.001,0.05,0.46,0.001,0.46
57,93,150,0.26,0.18,0.14,0.07,0.69,0.64,0.34,0.13,0.24,0.79,0.22,0.15,0.26,0.69,0.79,0.79
57,94,151,0.08,0.1,0.03,0.01,0.44,0.27,0.23,0.1,0.3,1.18,0.26,0.18,0.1,0.44,1.18,1.18
57,95,152,0.07,0.05,0.08,0.06,0.62,0.58,0.47,0.19,0.29,1.04,0.42,0.35,0.08,0.62,1.04,1.04
57,96,153,0.06,0.29,0.07,0.06,0.57,0.13,0.42,0.19,0.97,1.6,0.35,0.25,0.29,0.57,1.6,1.6
57,97,154,0.07,0.21,0.13,0.12,0.97,0.64,0.55,0.23,0.77,1.14,0.29,0.23,0.21,0.97,1.14,1.14
57,98,155,0.14,0.44,0.15,0.14,1.18,0.18,0.8,0.38,1.61,1.91,0.31,0.21,0.44,1.18,1.91,1.91
57,99,156,0.1,0.07,0.07,0.08,1.64,0.62,0.69,0.2,1.45,1.44,0.27,0.14,0.1,1.64,1.45,1.64
57,100,157,0.92,0.96,0.17,0.16,0.37,0.05,0.99,0.48,0.71,1.22,0.48,0.31,0.96,0.99,1.22,1.22
57,101,158,0.39,0.03,0.12,0.08,0.72,0.23,1.09,0.42,0.62,0.78,0.43,0.25,0.39,1.09,0.78,1.09
57,102,159,4.27,5.04,0.18,0.14,0.05,0.01,1.32,0.66,0.82,1.7,0.47,0.26,5.04,1.32,1.7,5.04
57,103,160,0.03,0.04,0.12,0.08,0.36,0.04,0.96,0.39,0.53,0.8,0.47,0.28,0.12,0.96,0.8,0.96
57,104,161,3.18,3.07,0.18,0.15,0.03,0.01,1.2,0.59,0.58,1.41,0.52,0.31,3.18,1.2,1.41,3.18
57,105,162,0.01,0.08,0.1,0.09,0.25,0.03,0.65,0.24,0.64,0.94,0.56,0.41,0.1,0.65,0.94,0.94
57,106,163,1.92,3.67,0.14,0.12,0.01,0.01,0.97,0.39,0.79,1.91,0.57,0.39,3.67,0.97,1.91,3.67
57,107,164,0.02,0.12,0.11,0.09,0.3,0.02,0.77,0.23,0.42,0.2,0.51,0.37,0.12,0.77,0.51,0.77
57,108,165,2.59,3.47,0.17,0.16,0.01,0.01,0.92,0.26,1.06,0.43,0.64,0.4,3.47,0.92,1.06,3.47
57,109,166,0.1,0.06,0.06,0.05,0.01,0.01,0.45,0.08,0.99,0.02,0.62,0.39,0.1,0.45,0.99,0.99
57,110,167,2.79,0.2,0.5,0.38,0.01,0.01,1.62,0.28,3.23,0.24,0.98,0.46,2.79,1.62,3.23,3.23
57,111,168,0.14,0.01,0.06,0.06,0.01,0.01,0.56,0.08,0.24,0.01,0.29,0.14,0.14,0.56,0.29,0.56
57,112,169,6.79,0.01,0.42,0.34,0.01,0.01,2.03,0.3,1.72,0.01,1.03,0.33,6.79,2.03,1.72,6.79
57,113,170,0.42,0.01,0.08,0.08,0.01,0.01,0.78,0.08,0.37,0.01,1.19,0.38,0.42,0.78,1.19,1.19
57,114,171,3.91,0.01,0.52,0.46,0.01,0.01,2.11,0.33,0.54,0.01,2.29,0.53,3.91,2.11,2.29,3.91
57,115,172,0.03,0.01,0.04,0.03,0.01,0.01,0.57,0.04,0.02,0.01,2.23,0.43,0.04,0.57,2.23,2.23
57,116,173,0.45,0.01,0.31,0.24,0.01,0.01,1.55,0.34,0.44,0.01,1.32,0.34,0.45,1.55,1.32,1.55
57,117,174,0.01,0.01,0.12,0.03,0.01,0.01,0.58,0.09,0.25,0.01,1.12,0.29,0.12,0.58,1.12,1.12
57,118,175,0.01,0.01,0.42,0.2,0.01,0.01,0.6,0.45,0.51,0.01,1.89,0.53,0.42,0.6,1.89,1.89
57,119,176,0.01,0.01,0.3,0.04,0.01,0.01,0.14,0.19,0.03,0.01,1.51,0.46,0.3,0.19,1.51,1.51
57,120,177,0.01,0.01,7.56,0.1,0.01,0.01,0.01,0.32,0.02,0.01,1.67,0.56,7.56,0.32,1.67,7.56
57,122,179,0.001,0.001,0.001,0.04,0.001,0.001,0.001,0.15,0.02,0.01,0.41,0.17,0.04,0.15,0.41,0.41
57,124,181,0.001,0.001,0.001,0.1,0.001,0.001,0.001,0.11,0.02,0.01,0.55,0.53,0.1,0.11,0.55,0.55
58,87,145,0.01,0.01,0.01,0.01,0.21,0.09,0.01,0.01,0.001,0.001,0.001,0.001,0.01,0.21,0.001,0.21
58,88,146,0.01,0.01,0.01,0.01,0.18,0.16,0.01,0.01,0.001,0.001,0.001,0.001,0.01,0.18,0.001,0.18
58,89,147,0.01,0.01,0.01,0.01,0.2,0.07,0.01,0.01,0.001,0.001,0.001,0.001,0.01,0.2,0.001,0.2
58,90,148,0.01,0.01,0.01,0.01,0.11,0.08,0.01,0.01,0.001,0.001,0.001,0.001,0.01,0.11,0.001,0.11
58,91,149,0.02,0.02,0.01,0.01,0.41,0.24,0.08,0.05,0.001,0.001,0.001,0.001,0.02,0.41,0.001,0.41
58,92,150,0.17,0.2,0.06,0.07,0.6,0.59,0.23,0.04,0.001,0.001,0.001,0.001,0.2,0.6,0.001,0.6
58,93,151,0.08,0.07,0.04,0.02,0.41,0.31,0.16,0.05,0.001,0.001,0.001,0.001,0.08,0.41,0.001,0.41
58,94,152,0.22,0.22,0.12,0.07,0.47,0.48,0.2,0.04,0.27,0.75,0.47,0.41,0.22,0.48,0.75,0.75
58,95,153,0.1,0.11,0.04,0.02,0.26,0.27,0.12,0.05,0.24,0.43,0.4,0.35,0.11,0.27,0.43,0.43
58,96,154,0.46,0.32,0.17,0.12,0.68,0.36,0.21,0.06,0.51,1.15,0.55,0.45,0.46,0.68,1.15,1.15
58,97,155,0.21,0.19,0.04,0.03,0.24,0.21,0.05,0.03,0.35,1.2,0.45,0.38,0.21,0.24,1.2,1.2
58,98,156,0.9,0.71,0.2,0.18,0.84,0.15,0.18,0.08,1.29,1.45,0.55,0.43,0.9,0.84,1.45,1.45
58,99,157,0.32,0.09,0.11,0.08,0.67,0.47,0.15,0.1,0.97,0.9,0.47,0.39,0.32,0.67,0.97,0.97
58,100,158,2.36,1.5,0.77,0.72,0.93,0.24,0.32,0.18,1,1.66,0.59,0.43,2.36,0.93,1.66,2.36
58,101,159,0.74,0.05,0.25,0.22,1.31,0.77,0.2,0.12,0.67,0.9,0.2,0.17,0.74,1.31,0.9,1.31
58,102,160,4.29,5.39,1.32,0.93,0.49,0.04,0.43,0.23,0.88,2.45,0.42,0.22,5.39,0.49,2.45,5.39
58,103,161,0.08,0.03,0.26,0.21,0.91,0.25,0.12,0.07,0.62,0.65,0.19,0.13,0.26,0.91,0.65,0.91
58,104,162,2.91,3.03,1.2,0.77,0.1,0.01,0.29,0.13,0.51,2.64,0.25,0.17,3.03,0.29,2.64,3.03
58,105,163,0.01,0.02,0.16,0.15,0.65,0.24,0.02,0.01,0.6,0.77,0.24,0.15,0.16,0.65,0.77,0.77
58,106,164,1.83,3.16,1.13,0.71,0.05,0.01,0.22,0.1,1.04,2.83,0.52,0.16,3.16,0.22,2.83,3.16
58,107,165,0.01,0.01,0.19,0.16,0.6,0.14,0.1,0.05,0.56,0.68,0.21,0.14,0.19,0.6,0.68,0.68
58,108,166,2.73,4.23,1.23,0.8,0.05,0.01,0.25,0.11,1.17,3.19,0.31,0.15,4.23,0.25,3.19,4.23
58,109,167,0.01,0.09,0.07,0.06,0.4,0.04,0.05,0.02,0.88,0.06,0.2,0.11,0.09,0.4,0.88,0.88
58,110,168,2.52,6.91,1.26,0.88,0.02,0.01,0.17,0.08,1.34,0.74,0.27,0.15,6.91,0.17,1.34,6.91
58,111,169,0.01,0.03,0.07,0.06,0.42,0.01,0.05,0.01,0.89,0.01,0.13,0.1,0.07,0.42,0.89,0.89
58,112,170,2.95,1.85,1.16,0.68,0.01,0.01,0.23,0.06,3.17,0.35,0.36,0.13,2.95,0.23,3.17,3.17
58,113,171,0.02,0.01,0.11,0.05,0.32,0.01,0.13,0.02,1.34,0.41,0.24,0.12,0.11,0.32,1.34,1.34
58,114,172,6.91,0.07,2.03,0.73,0.01,0.01,0.34,0.04,2.7,0.01,0.25,0.12,6.91,0.34,2.7,6.91
58,115,173,0.02,0.01,0.15,0.04,0.38,0.01,0.14,0.01,0.2,0.01,0.25,0.06,0.15,0.38,0.25,0.38
58,116,174,3.68,0.01,2.92,0.49,0.01,0.01,0.81,0.06,1.47,0.01,0.41,0.1,3.68,0.81,1.47,3.68
58,117,175,0.03,0.01,0.25,0.03,0.04,0.01,0.2,0.01,0.07,0.01,0.28,0.06,0.25,0.2,0.28,0.28
58,118,176,1.81,0.01,1.29,0.23,0.01,0.01,0.2,0.03,0.92,0.01,0.23,0.08,1.81,0.2,0.92,1.81
58,122,180,0.01,0.01,2.52,0.25,0.01,0.01,0.01,0.14,0.03,0.01,0.17,0.18,2.52,0.14,0.18,2.52
58,124,182,0.001,0.001,0.001,0.22,0.001,0.001,0.001,0.11,0.05,0.01,0.78,0.48,0.22,0.11,0.78,0.78
59,91,150,0.02,0.02,0.01,0.01,0.3,0.13,0.01,0.06,0.001,0.001,0.001,0.001,0.02,0.3,0.001,0.3
59,92,151,0.01,0.02,0.01,0.01,0.45,0.33,0.1,0.06,0.001,0.001,0.001,0.001,0.02,0.45,0.001,0.45
59,93,152,0.06,0.08,0.03,0.02,0.48,0.42,0.1,0.08,0.001,0.001,0.001,0.001,0.08,0.48,0.001,0.48
59,94,153,0.03,0.04,0.01,0.01,0.25,0.29,0.11,0.03,0.001,0.001,0.001,0.001,0.04,0.29,0.001,0.29
59,95,154,0.18,0.11,0.08,0.05,0.59,0.43,0.18,0.11,0.001,0.001,0.001,0.001,0.18,0.59,0.001,0.59
59,96,155,0.04,0.03,0.02,0.01,0.46,0.25,0.15,0.08,0.001,0.001,0.001,0.001,0.04,0.46,0.001,0.46
59,97,156,0.27,0.09,0.1,0.08,0.65,0.38,0.2,0.12,0.2,0.87,0.25,0.19,0.27,0.65,0.87,0.87
59,98,157,0.13,0.07,0.03,0.04,0.49,0.17,0.18,0.12,0.26,1.15,0.25,0.16,0.13,0.49,1.15,1.15
59,99,158,0.31,0.09,0.18,0.23,1.55,0.66,0.64,0.37,0.19,1.03,0.2,0.19,0.31,1.55,1.03,1.55
59,100,159,0.4,0.95,0.09,0.11,0.98,0.32,0.57,0.35,1.11,1.26,0.22,0.13,0.95,0.98,1.26,1.26
59,101,160,0.18,0.33,0.2,0.2,1.76,0.86,1.03,0.46,0.96,1.2,0.18,0.11,0.33,1.76,1.2,1.76
59,102,161,0.78,2.03,0.17,0.15,0.82,0.1,0.99,0.55,1.04,1.52,0.27,0.2,2.03,0.99,1.52,2.03
59,103,162,0.28,0.25,0.16,0.14,0.81,0.21,0.95,0.35,0.94,0.89,0.31,0.2,0.28,0.95,0.94,0.95
59,104,163,3.22,4.36,0.27,0.18,0.09,0.01,1.26,0.63,0.65,2.18,0.5,0.26,4.36,1.26,2.18,4.36
59,105,164,0.05,0.05,0.21,0.15,0.33,0.08,0.9,0.34,0.49,0.69,0.53,0.32,0.21,0.9,0.69,0.9
59,106,165,2.3,1.91,0.26,0.18,0.1,0.01,1.32,0.63,0.59,1.57,0.51,0.27,2.3,1.32,1.57,2.3
59,107,166,0.02,0.05,0.15,0.11,0.4,0.06,0.98,0.35,0.59,1.06,0.72,0.3,0.15,0.98,1.06,1.06
59,108,167,2.82,2.46,0.17,0.13,0.05,0.01,1.12,0.55,0.66,1.78,0.16,0.1,2.82,1.12,1.78,2.82
59,109,168,0.09,0.23,0.08,0.05,0.59,0.01,0.69,0.17,0.43,0.62,0.43,0.22,0.23,0.69,0.62,0.69
59,110,169,2.44,2.19,0.24,0.19,0.05,0.01,1.46,0.68,1.34,4.31,0.63,0.29,2.44,1.46,4.31,4.31
59,111,170,0.08,0.28,0.08,0.05,0.73,0.02,0.61,0.15,0.58,0.72,0.59,0.3,0.28,0.73,0.72,0.73
59,112,171,2.99,5.66,0.14,0.11,0.01,0.01,0.87,0.27,1.55,1.11,0.51,0.23,5.66,0.87,1.55,5.66
59,113,172,0.05,0.19,0.06,0.05,0.37,0.01,0.72,0.15,0.77,0.69,0.45,0.22,0.19,0.72,0.77,0.77
59,114,173,3.1,2.46,0.45,0.3,0.01,0.01,1.81,0.26,2.27,0.14,0.4,0.21,3.1,1.81,2.27,3.1
59,115,174,0.05,0.02,0.09,0.07,0.15,0.01,0.95,0.12,0.34,0.05,0.37,0.17,0.09,0.95,0.37,0.95
59,116,175,3.65,0.2,0.3,0.19,0.01,0.01,1.97,0.14,1.68,0.04,0.31,0.13,3.65,1.97,1.68,3.65
59,117,176,0.25,0.01,0.11,0.06,0.02,0.01,1.05,0.06,0.4,0.01,0.37,0.14,0.25,1.05,0.4,1.05
59,118,177,9.54,0.01,1.1,0.51,0.01,0.01,2.54,0.24,1.23,0.01,0.98,0.22,9.54,2.54,1.23,9.54
59,119,178,0.07,0.01,0.02,0.01,0.01,0.01,0.45,0.03,0.16,0.01,0.8,0.15,0.07,0.45,0.8,0.8
59,120,179,0.06,0.01,0.09,0.03,0.01,0.01,1.26,0.13,0.59,0.01,0.94,0.24,0.09,1.26,0.94,1.26
59,121,180,0.01,0.01,0.01,0.01,0.01,0.01,0.2,0.01,0.28,0.01,0.74,0.21,0.01,0.2,0.74,0.74
59,122,181,0.07,0.01,0.04,0.03,0.01,0.01,0.76,0.11,0.66,0.01,0.32,0.17,0.07,0.76,0.66,0.76
59,124,183,0.46,0.01,9.39,0.13,0.01,0.01,0.01,0.14,0.33,0.01,0.52,0.32,9.39,0.14,0.52,9.39
60,91,151,0.01,0.01,0.01,0.01,0.41,0.19,0.02,0.05,0.001,0.001,0.001,0.001,0.01,0.41,0.001,0.41
60,92,152,0.01,0.01,0.01,0.01,0.3,0.27,0.04,0.02,0.001,0.001,0.001,0.001,0.01,0.3,0.001,0.3
60,93,153,0.01,0.01,0.01,0.01,0.32,0.31,0.06,0.04,0.001,0.001,0.001,0.001,0.01,0.32,0.001,0.32
60,94,154,0.12,0.11,0.02,0.04,0.47,0.41,0.13,0.03,0.001,0.001,0.001,0.001,0.12,0.47,0.001,0.47
60,95,155,0.01,0.01,0.01,0.01,0.47,0.27,0.15,0.09,0.001,0.001,0.001,0.001,0.01,0.47,0.001,0.47
60,96,156,0.51,0.31,0.16,0.12,0.79,0.47,0.21,0.05,0.001,0.001,0.001,0.001,0.51,0.79,0.001,0.79
60,97,157,0.22,0.09,0.07,0.04,0.5,0.19,0.15,0.1,0.001,0.001,0.001,0.001,0.22,0.5,0.001,0.5
60,98,158,0.68,0.38,0.23,0.19,1.27,0.66,0.34,0.13,0.41,2.48,0.38,0.23,0.68,1.27,2.48,2.48
60,99,159,0.29,0.3,0.14,0.08,0.98,1.08,0.29,0.24,0.35,1.89,0.39,0.19,0.3,1.08,1.89,1.89
60,100,160,1.27,2.18,0.47,0.4,1.56,0.98,0.49,0.23,1.12,3,0.51,0.24,2.18,1.56,3,3
60,101,161,0.74,0.57,0.24,0.17,0.95,1.72,0.32,0.24,0.5,2.26,0.4,0.2,0.74,1.72,2.26,2.26
60,102,162,3.1,2.68,0.91,0.61,1.54,0.52,0.72,0.3,1.71,2.47,0.44,0.3,3.1,1.54,2.47,3.1
60,103,163,0.72,0.07,0.31,0.2,1.51,1.7,0.21,0.14,1.07,1.49,0.33,0.19,0.72,1.7,1.49,1.7
60,104,164,4.54,3.91,1.06,0.61,0.09,0.05,0.71,0.26,1.03,2.69,0.46,0.23,4.54,0.71,2.69,4.54
60,105,165,0.06,0.01,0.16,0.11,1.01,0.69,0.05,0.04,1.03,0.84,0.21,0.13,0.16,1.01,1.03,1.03
60,106,166,1.98,1.77,1,0.55,0.21,0.02,0.29,0.12,0.62,2.97,0.44,0.21,1.98,0.29,2.97,2.97
60,107,167,0.02,0.01,0.19,0.14,0.62,0.31,0.11,0.06,0.86,0.85,0.13,0.11,0.19,0.62,0.86,0.86
60,108,168,1,2.7,0.99,0.56,0.18,0.01,0.28,0.13,0.62,3.4,0.29,0.14,2.7,0.28,3.4,3.4
60,109,169,0.01,0.03,0.08,0.05,0.62,0.18,0.05,0.03,0.39,0.46,0.12,0.07,0.08,0.62,0.46,0.62
60,110,170,1.14,2.95,0.75,0.44,0.09,0.01,0.16,0.08,1.05,2.37,0.24,0.11,2.95,0.16,2.37,2.95
60,111,171,0.01,0.02,0.18,0.13,0.59,0.17,0.06,0.03,0.72,0.81,0.12,0.08,0.18,0.59,0.81,0.81
60,112,172,1.44,3.2,1.44,0.79,0.04,0.01,0.19,0.07,0.38,3.3,0.17,0.08,3.2,0.19,3.3,3.3
60,113,173,0.01,0.02,0.16,0.11,0.49,0.15,0.05,0.02,0.57,0.09,0.07,0.04,0.16,0.49,0.57,0.57
60,114,174,3.16,9.24,2.14,0.95,0.03,0.01,0.32,0.07,1.23,1.61,0.14,0.07,9.24,0.32,1.61,9.24
60,115,175,0.01,0.04,0.18,0.08,0.76,0.06,0.16,0.01,0.5,1.38,0.13,0.06,0.18,0.76,1.38,1.38
60,116,176,2.78,2.95,1.2,0.38,0.02,0.01,0.24,0.03,1.29,0.43,0.22,0.09,2.95,0.24,1.29,2.95
60,117,177,0.01,0.01,0.08,0.01,1.07,0.01,0.01,0.01,0.86,0.04,0.19,0.07,0.08,1.07,0.86,1.07
60,118,178,6.36,0.56,0.99,0.14,0.04,0.01,0.13,0.01,1.8,0.73,0.18,0.07,6.36,0.13,1.8,6.36
60,119,179,0.01,0.01,0.01,0.01,1.8,0.01,0.01,0.01,0.64,0.01,0.1,0.05,0.01,1.8,0.64,1.8
60,120,180,0.03,0.01,0.69,0.19,0.12,0.01,0.98,0.04,0.87,0.01,0.14,0.09,0.69,0.98,0.87,0.98
60,121,181,0.01,0.01,0.07,0.01,0.63,0.01,0.39,0.03,0.5,0.01,0.06,0.07,0.07,0.63,0.5,0.63
60,122,182,0.03,0.01,0.38,0.23,0.01,0.01,0.53,0.07,0.13,0.01,0.16,0.09,0.38,0.53,0.16,0.53
60,123,183,0.01,0.01,0.21,0.11,0.14,0.01,0.36,0.07,0.26,0.01,0.1,0.08,0.21,0.36,0.26,0.36
60,124,184,0.58,0.01,0.37,0.29,0.01,0.01,0.41,0.12,0.81,0.01,0.59,0.36,0.58,0.41,0.81,0.81
60,125,185,0.08,0.01,0.27,0.14,0.08,0.01,0.17,0.06,0.34,0.01,0.58,0.47,0.27,0.17,0.58,0.58
61,92,153,0.01,0.01,0.01,0.01,0.14,0.06,0.01,0.02,0.001,0.001,0.001,0.001,0.01,0.14,0.001,0.14
61,93,154,0.01,0.01,0.01,0.01,0.17,0.04,0.01,0.02,0.001,0.001,0.001,0.001,0.01,0.17,0.001,0.17
61,95,156,0.1,0.04,0.01,0.01,0.66,0.19,0.05,0.07,0.001,0.001,0.001,0.001,0.1,0.66,0.001,0.66
61,96,157,0.09,0.05,0.03,0.02,0.65,0.29,0.18,0.13,0.001,0.001,0.001,0.001,0.09,0.65,0.001,0.65
61,97,158,0.27,0.17,0.1,0.07,1.18,0.68,0.26,0.21,0.001,0.001,0.001,0.001,0.27,1.18,0.001,1.18
61,98,159,0.13,0.14,0.05,0.06,0.85,0.61,0.34,0.17,0.001,0.001,0.001,0.001,0.14,0.85,0.001,0.85
61,99,160,0.48,0.47,0.25,0.17,1.57,1.85,0.54,0.4,0.17,0.46,0.17,0.1,0.48,1.85,0.46,1.85
61,100,161,0.38,0.33,0.08,0.06,1.31,0.79,0.54,0.28,0.43,2.05,0.23,0.21,0.38,1.31,2.05,2.05
61,101,162,0.65,0.27,0.33,0.22,2.29,1.68,0.92,0.41,0.3,1.55,0.21,0.1,0.65,2.29,1.55,2.29
61,102,163,0.54,1.07,0.19,0.1,1.74,0.37,0.68,0.35,0.99,2.29,0.43,0.26,1.07,1.74,2.29,2.29
61,103,164,0.59,0.55,0.26,0.17,2.81,1.54,0.99,0.37,0.57,2.38,0.36,0.18,0.59,2.81,2.38,2.81
61,104,165,1.14,3.62,0.22,0.12,0.96,0.32,0.84,0.45,1.73,2.17,0.29,0.19,3.62,0.96,2.17,3.62
61,105,166,0.39,0.3,0.21,0.14,1.2,0.53,0.88,0.29,1.55,0.77,0.49,0.26,0.39,1.2,1.55,1.55
61,106,167,1.2,4.01,0.12,0.09,0.31,0.05,0.94,0.41,0.54,2.03,0.29,0.17,4.01,0.94,2.03,4.01
61,107,168,0.05,0.05,0.06,0.04,1.1,0.86,1.08,0.32,0.71,1.33,0.5,0.29,0.06,1.1,1.33,1.33
61,108,169,0.85,3.38,0.2,0.13,0.24,0.01,1.37,0.59,0.83,4.77,0.65,0.29,3.38,1.37,4.77,4.77
61,109,170,0.04,0.14,0.08,0.06,0.65,0.23,0.96,0.25,0.57,0.5,0.45,0.22,0.14,0.96,0.57,0.96
61,110,171,1.56,2.1,0.23,0.12,0.11,0.02,1.6,0.64,0.56,2.51,0.45,0.24,2.1,1.6,2.51,2.51
61,111,172,0.04,0.1,0.12,0.08,0.51,0.13,0.93,0.22,0.38,0.57,0.46,0.2,0.12,0.93,0.57,0.93
61,112,173,1.47,1.95,0.26,0.12,0.05,0.01,1.55,0.51,0.35,1.44,0.33,0.21,1.95,1.55,1.44,1.95
61,113,174,0.02,0.04,0.16,0.08,0.38,0.15,1.24,0.29,0.32,0.97,0.23,0.13,0.16,1.24,0.97,1.24
61,114,175,2.5,3.74,0.16,0.09,0.01,0.01,1.35,0.34,0.23,2.07,0.3,0.13,3.74,1.35,2.07,3.74
61,115,176,0.01,0.06,0.13,0.07,0.22,0.04,0.99,0.22,0.18,1.18,0.31,0.13,0.13,0.99,1.18,1.18
61,116,177,1.67,3.03,0.11,0.06,0.01,0.01,1.06,0.23,1.06,1.44,0.45,0.18,3.03,1.06,1.44,3.03
61,117,178,0.01,0.06,0.08,0.05,0.31,0.03,0.63,0.1,0.77,1.02,0.41,0.16,0.08,0.63,1.02,1.02
61,118,179,2.05,2.77,0.75,0.33,0.02,0.01,1.26,0.17,1.49,0.49,0.34,0.18,2.77,1.26,1.49,2.77
61,119,180,0.01,0.01,0.03,0.01,1.43,0.01,0.43,0.04,0.6,0.01,0.26,0.12,0.03,1.43,0.6,1.43
61,120,181,0.03,0.01,0.1,0.04,0.13,0.01,1.19,0.2,0.42,0.01,0.16,0.15,0.1,1.19,0.42,1.19
61,121,182,0.01,0.01,0.06,0.03,0.3,0.01,0.65,0.09,0.21,0.01,0.14,0.11,0.06,0.65,0.21,0.65
61,122,183,0.03,0.01,0.09,0.05,0.07,0.01,0.68,0.17,0.23,0.03,0.14,0.13,0.09,0.68,0.23,0.68
61,123,184,0.02,0.01,0.01,0.01,0.09,0.01,0.15,0.02,0.2,0.01,0.21,0.19,0.02,0.15,0.21,0.21
61,124,185,0.83,0.02,0.15,0.09,0.01,0.01,0.51,0.09,0.82,0.12,0.45,0.26,0.83,0.51,0.82,0.83
61,125,186,0.37,0.01,0.21,0.11,0.01,0.01,0.31,0.06,0.21,0.01,0.59,0.71,0.37,0.31,0.71,0.71
62,94,156,0.01,0.01,0.01,0.01,0.12,0.03,0.01,0.01,0.001,0.001,0.001,0.001,0.01,0.12,0.001,0.12
62,95,157,0.01,0.01,0.01,0.01,0.65,0.22,0.06,0.1,0.001,0.001,0.001,0.001,0.01,0.65,0.001,0.65
62,96,158,0.12,0.07,0.01,0.04,1.08,0.65,0.21,0.09,0.001,0.001,0.001,0.001,0.12,1.08,0.001,1.08
62,97,159,0.18,0.2,0.1,0.1,0.9,0.64,0.28,0.19,0.001,0.001,0.001,0.001,0.2,0.9,0.001,0.9
62,98,160,0.62,0.71,0.13,0.22,1.53,2.01,0.47,0.14,0.001,0.001,0.001,0.001,0.71,2.01,0.001,2.01
62,99,161,0.15,0.17,0.08,0.07,1.47,1.04,0.53,0.38,0.001,0.001,0.001,0.001,0.17,1.47,0.001,1.47
62,100,162,1.49,1.27,0.52,0.37,2.8,2.14,0.84,0.2,0.64,2.48,0.56,0.37,1.49,2.8,2.48,2.8
62,101,163,0.57,0.62,0.24,0.12,2.03,1.9,0.69,0.43,0.5,1.78,0.46,0.23,0.62,2.03,1.78,2.03
62,102,164,2.56,2.51,0.88,0.52,3.13,2.26,0.98,0.27,0.67,5.42,0.43,0.21,2.56,3.13,5.42,5.42
62,103,165,0.8,0.82,0.31,0.17,1.55,3.49,0.53,0.3,0.61,4.04,0.4,0.17,0.82,3.49,4.04,4.04
62,104,166,2.08,3.69,0.62,0.32,1.39,0.22,0.64,0.19,1.5,3.77,0.47,0.19,3.69,1.39,3.77,3.77
62,105,167,0.83,0.11,0.22,0.12,1.7,1.68,0.19,0.12,1.43,3.07,0.2,0.1,0.83,1.7,3.07,3.07
62,106,168,1.6,1.74,0.63,0.38,0.16,0.26,0.51,0.15,0.83,2.58,0.34,0.14,1.74,0.51,2.58,2.58
62,107,169,0.14,0.02,0.11,0.06,0.75,1,0.13,0.06,0.67,1.97,0.15,0.08,0.14,1,1.97,1.97
62,108,170,1.72,2,0.74,0.4,0.06,0.09,0.32,0.12,0.33,2.39,0.26,0.12,2,0.32,2.39,2.39
62,109,171,0.05,0.02,0.09,0.05,0.4,0.33,0.08,0.04,0.3,0.74,0.12,0.1,0.09,0.4,0.74,0.74
62,110,172,1.97,2.14,0.81,0.43,0.03,0.04,0.28,0.11,0.28,2.93,0.19,0.11,2.14,0.28,2.93,2.93
62,111,173,0.02,0.01,0.16,0.09,0.31,0.55,0.07,0.03,0.15,1.28,0.1,0.04,0.16,0.55,1.28,1.28
62,112,174,1.84,2.25,1.03,0.47,0.1,0.03,0.23,0.08,0.28,2.88,0.16,0.08,2.25,0.23,2.88,2.88
62,113,175,0.02,0.01,0.24,0.13,0.45,0.36,0.09,0.03,0.18,0.54,0.07,0.03,0.24,0.45,0.54,0.54
62,114,176,1.48,4.43,1.32,0.54,0.09,0.01,0.29,0.08,0.57,3.23,0.19,0.08,4.43,0.29,3.23,4.43
62,115,177,0.01,0.03,0.37,0.17,0.56,0.28,0.12,0.04,0.36,0.48,0.1,0.07,0.37,0.56,0.48,0.56
62,116,178,1.29,4.83,1.82,0.64,0.05,0.01,0.42,0.09,0.34,2.02,0.21,0.12,4.83,0.42,2.02,4.83
62,117,179,0.01,0.02,0.1,0.05,0.54,0.37,0.02,0.01,0.45,0.33,0.15,0.11,0.1,0.54,0.45,0.54
62,118,180,1.44,2.89,0.67,0.27,0.03,0.01,0.11,0.02,0.36,1.06,0.09,0.05,2.89,0.11,1.06,2.89
62,119,181,0.01,0.01,0.02,0.01,0.45,0.95,0.01,0.01,0.15,0.6,0.04,0.04,0.02,0.95,0.6,0.95
62,121,183,0.01,0.01,0.03,0.02,0.25,0.41,0.06,0.02,0.24,0.08,0.03,0.02,0.03,0.41,0.24,0.41
62,122,184,0.04,0.07,0.38,0.32,0.01,0.04,0.16,0.04,0.23,0.25,0.22,0.19,0.38,0.16,0.25,0.38
62,124,186,0.6,0.99,0.82,0.88,0.02,0.01,0.79,0.15,0.82,0.49,0.58,0.63,0.99,0.79,0.82,0.99
62,125,187,0.03,0.13,0.38,0.28,0.13,0.05,0.39,0.07,0.41,0.31,0.87,1.03,0.38,0.39,1.03,1.03
63,95,158,0.01,0.01,0.01,0.01,0.11,0.02,0.01,0.02,0.001,0.001,0.001,0.001,0.01,0.11,0.001,0.11
63,96,159,0.01,0.01,0.01,0.01,0.91,0.38,0.05,0.19,0.001,0.001,0.001,0.001,0.01,0.91,0.001,0.91
63,97,160,0.05,0.02,0.01,0.01,0.66,0.27,0.04,0.12,0.001,0.001,0.001,0.001,0.05,0.66,0.001,0.66
63,98,161,0.01,0.01,0.01,0.01,0.86,0.48,0.09,0.13,0.001,0.001,0.001,0.001,0.01,0.86,0.001,0.86
63,99,162,0.15,0.09,0.01,0.04,2.22,1.05,0.15,0.3,0.001,0.001,0.001,0.001,0.15,2.22,0.001,2.22
63,100,163,0.06,0.08,0.01,0.01,2,1.73,0.37,0.26,0.001,0.001,0.001,0.001,0.08,2,0.001,2
63,101,164,0.46,0.51,0.1,0.09,3.28,2.74,0.59,0.43,0.28,0.26,0.22,0.22,0.51,3.28,0.28,3.28
63,102,165,0.23,0.26,0.1,0.05,2.69,2.39,0.93,0.39,0.58,2.25,0.39,0.26,0.26,2.69,2.25,2.69
63,103,166,0.62,0.64,0.32,0.14,2.43,3.15,0.99,0.32,0.44,1.26,0.3,0.17,0.64,3.15,1.26,3.15
63,104,167,0.42,0.74,0.16,0.07,2.42,2.31,0.99,0.41,0.87,3.95,0.67,0.29,0.74,2.42,3.95,3.95
63,105,168,0.19,0.38,0.2,0.11,1.26,1.37,0.73,0.24,0.55,3.17,0.38,0.17,0.38,1.37,3.17,3.17
63,106,169,0.18,0.74,0.18,0.05,1.12,0.36,0.71,0.28,0.42,3.52,0.31,0.11,0.74,1.12,3.52,3.52
63,107,170,0.18,0.43,0.18,0.12,1.25,1.31,0.78,0.24,1.16,3.34,0.24,0.1,0.43,1.31,3.34,3.34
63,108,171,0.37,1.47,0.11,0.05,0.65,0.36,0.61,0.27,0.66,1.8,0.21,0.06,1.47,0.65,1.8,1.8
63,109,172,0.15,0.13,0.13,0.08,1.14,0.82,0.73,0.23,0.63,0.72,0.17,0.1,0.15,1.14,0.72,1.14
63,110,173,0.77,2.82,0.21,0.09,0.41,0.08,0.95,0.33,0.42,1.8,0.18,0.07,2.82,0.95,1.8,2.82
63,111,174,0.29,0.23,0.12,0.06,0.69,0.69,0.81,0.18,0.41,1.56,0.27,0.1,0.29,0.81,1.56,1.56
63,112,175,0.91,2.46,0.3,0.16,0.45,0.03,1.81,0.55,0.39,3.27,0.27,0.09,2.46,1.81,3.27,3.27
63,113,176,0.12,0.08,0.16,0.08,1.06,0.37,1.15,0.25,0.42,0.67,0.28,0.09,0.16,1.15,0.67,1.15
63,114,177,1.34,2.64,0.28,0.12,0.07,0.01,1.85,0.47,0.19,2.17,0.27,0.13,2.64,1.85,2.17,2.64
63,115,178,0.03,0.1,0.17,0.08,0.25,0.1,1.33,0.27,0.3,0.6,0.35,0.14,0.17,1.33,0.6,1.33
63,116,179,1.02,2.65,0.2,0.09,0.05,0.01,1.47,0.38,0.36,1.66,0.26,0.12,2.65,1.47,1.66,2.65
63,117,180,0.02,0.11,0.12,0.05,0.28,0.06,0.71,0.13,0.33,0.93,0.25,0.12,0.12,0.71,0.93,0.93
63,118,181,0.71,2.21,0.26,0.1,0.03,0.01,0.76,0.26,0.32,1.29,0.17,0.13,2.21,0.76,1.29,2.21
63,119,182,0.01,0.01,0.11,0.05,0.35,0.19,0.43,0.09,0.19,0.02,0.16,0.12,0.11,0.43,0.19,0.43
63,120,183,0.1,0.23,0.08,0.05,0.02,0.01,0.6,0.24,0.32,0.27,0.3,0.18,0.23,0.6,0.32,0.6
63,121,184,0.01,0.01,0.07,0.04,0.1,0.02,0.43,0.11,0.22,0.23,0.22,0.17,0.07,0.43,0.23,0.43
63,122,185,0.11,0.15,0.06,0.06,0.06,0.01,0.62,0.25,0.47,0.31,0.34,0.34,0.15,0.62,0.47,0.62
63,123,186,0.01,0.02,0.05,0.05,0.09,0.03,0.38,0.14,0.64,0.26,0.47,0.43,0.05,0.38,0.64,0.64
63,124,187,0.57,0.57,0.25,0.24,0.08,0.01,0.51,0.22,0.46,0.5,0.56,0.57,0.57,0.51,0.57,0.57
63,125,188,0.57,0.84,0.05,0.06,0.05,0.01,0.33,0.1,0.59,0.06,0.95,1.47,0.84,0.33,1.47,1.47
64,98,162,0.01,0.01,0.01,0.01,0.15,0.05,0.01,0.01,0.001,0.001,0.001,0.001,0.01,0.15,0.001,0.15
64,99,163,0.01,0.01,0.01,0.01,0.57,0.25,0.02,0.05,0.001,0.001,0.001,0.001,0.01,0.57,0.001,0.57
64,100,164,0.02,0.01,0.01,0.01,0.54,0.48,0.03,0.02,0.09,0.05,0.06,0.26,0.02,0.54,0.26,0.54
64,101,165,0.03,0.03,0.01,0.01,1.53,1.05,0.16,0.13,0.13,0.06,0.08,0.2,0.03,1.53,0.2,1.53
64,102,166,0.3,0.46,0.04,0.06,1.29,2.2,0.25,0.05,0.21,0.3,0.15,0.22,0.46,2.2,0.3,2.2
64,103,167,0.2,0.32,0.07,0.04,1.59,2.01,0.47,0.16,0.27,0.5,0.27,0.18,0.32,2.01,0.5,2.01
64,104,168,0.87,0.82,0.47,0.26,1.73,1.53,0.77,0.14,0.55,2.16,0.47,0.23,0.87,1.73,2.16,2.16
64,105,169,0.19,0.24,0.07,0.03,0.52,0.67,0.24,0.08,0.38,1.62,0.37,0.16,0.24,0.67,1.62,1.62
64,106,170,0.76,1.9,0.37,0.2,1.1,1.03,0.46,0.1,0.59,2.98,0.41,0.16,1.9,1.1,2.98,2.98
64,107,171,0.42,0.27,0.16,0.09,0.69,1.95,0.32,0.17,0.43,2.85,0.4,0.17,0.42,1.95,2.85,2.85
64,108,172,1.28,2.07,0.59,0.26,1.07,0.32,0.44,0.12,0.91,2.77,0.42,0.17,2.07,1.07,2.77,2.77
64,109,173,0.28,0.08,0.15,0.06,0.6,1.19,0.16,0.08,0.64,1.72,0.34,0.15,0.28,1.19,1.72,1.72
64,110,174,1.71,1.84,0.47,0.24,0.34,0.19,0.35,0.08,0.31,1.2,0.17,0.06,1.84,0.35,1.2,1.84
64,111,175,0.19,0.02,0.11,0.05,0.67,0.53,0.11,0.05,0.36,0.73,0.07,0.03,0.19,0.67,0.73,0.73
64,112,176,1.75,1.56,0.76,0.35,0.06,0.12,0.3,0.08,0.17,1.8,0.14,0.06,1.75,0.3,1.8,1.8
64,113,177,0.08,0.01,0.25,0.11,0.56,0.76,0.18,0.06,0.21,1,0.08,0.03,0.25,0.76,1,1
64,114,178,1.22,2.36,1.12,0.38,0.05,0.03,0.53,0.12,0.19,2.19,0.14,0.06,2.36,0.53,2.19,2.36
64,115,179,0.02,0.02,0.28,0.11,0.29,0.35,0.12,0.04,0.19,0.71,0.06,0.03,0.28,0.35,0.71,0.71
64,116,180,0.82,2.17,1.45,0.44,0.06,0.03,0.58,0.12,0.15,2.74,0.15,0.07,2.17,0.58,2.74,2.74
64,117,181,0.01,0.02,0.13,0.06,0.19,0.96,0.02,0.01,0.1,0.36,0.09,0.08,0.13,0.96,0.36,0.96
64,118,182,0.35,1.43,0.43,0.16,0.02,0.04,0.12,0.02,0.06,0.94,0.11,0.08,1.43,0.12,0.94,1.43
64,119,183,0.01,0.01,0.02,0.01,0.11,0.68,0.01,0.01,0.04,0.22,0.03,0.06,0.02,0.68,0.22,0.68
64,120,184,0.11,0.39,0.45,0.25,0.02,0.04,0.12,0.06,0.07,0.51,0.14,0.12,0.45,0.12,0.51,0.51
64,121,185,0.01,0.01,0.06,0.05,0.1,0.29,0.03,0.02,0.05,0.43,0.04,0.06,0.06,0.29,0.43,0.43
64,122,186,0.22,0.25,0.69,0.63,0.11,0.02,0.12,0.08,0.6,0.31,0.41,0.39,0.69,0.12,0.6,0.69
64,123,187,0.01,0.01,0.15,0.18,0.27,0.27,0.19,0.07,0.49,0.19,0.23,0.22,0.18,0.27,0.49,0.49
64,124,188,0.46,0.57,1.14,1.46,0.09,0.01,0.88,0.28,0.7,0.89,1.26,1.49,1.46,0.88,1.49,1.49
64,125,189,0.08,0.11,0.55,0.75,0.2,0.07,0.48,0.12,0.97,0.22,1.63,2.33,0.75,0.48,2.33,2.33
65,100,165,0.01,0.01,0.01,0.01,0.19,0.05,0.01,0.01,0.09,0.02,0.04,0.22,0.01,0.19,0.22,0.22
65,101,166,0.01,0.01,0.01,0.01,0.56,0.27,0.01,0.05,0.001,0.001,0.001,0.001,0.01,0.56,0.001,0.56
65,102,167,0.02,0.02,0.01,0.01,1.49,1.29,0.13,0.12,0.13,0.11,0.09,0.22,0.02,1.49,0.22,1.49
65,103,168,0.13,0.13,0.03,0.04,1.62,1.09,0.2,0.25,0.14,0.13,0.09,0.21,0.13,1.62,0.21,1.62
65,104,169,0.03,0.05,0.02,0.01,0.89,1.07,0.39,0.18,0.38,0.47,0.24,0.32,0.05,1.07,0.47,1.07
65,105,170,0.3,0.45,0.22,0.09,1.15,1.97,0.41,0.2,0.22,0.35,0.16,0.19,0.45,1.97,0.35,1.97
65,106,171,0.11,0.14,0.07,0.03,1.04,0.83,0.55,0.22,0.41,2.37,0.34,0.2,0.14,1.04,2.37,2.37
65,107,172,0.4,0.28,0.25,0.11,1.62,1.87,0.85,0.26,0.3,1.66,0.25,0.12,0.4,1.87,1.66,1.87
65,108,173,0.14,0.31,0.1,0.03,1.24,0.89,0.68,0.22,0.33,2.54,0.21,0.06,0.31,1.24,2.54,2.54
65,109,174,0.21,0.17,0.11,0.06,1.58,1.41,0.62,0.19,0.29,1.87,0.2,0.05,0.21,1.58,1.87,1.87
65,110,175,0.28,0.54,0.25,0.06,1.36,0.3,0.74,0.26,0.63,1.9,0.09,0.05,0.54,1.36,1.9,1.9
65,111,176,0.26,0.26,0.19,0.1,1.75,0.96,0.94,0.21,0.47,1.01,0.13,0.04,0.26,1.75,1.01,1.75
65,112,177,0.16,0.58,0.2,0.08,0.89,0.36,0.81,0.29,0.49,1.1,0.17,0.05,0.58,0.89,1.1,1.1
65,113,178,0.11,0.13,0.22,0.09,0.96,0.99,1.13,0.24,0.45,0.55,0.16,0.07,0.22,1.13,0.55,1.13
65,114,179,0.15,1.62,0.27,0.11,0.7,0.05,1.39,0.36,0.23,1.03,0.12,0.07,1.62,1.39,1.03,1.62
65,115,180,0.11,0.3,0.16,0.07,0.62,0.2,1.16,0.18,0.22,0.71,0.13,0.06,0.3,1.16,0.71,1.16
65,116,181,0.58,1.78,0.24,0.08,0.11,0.01,1.19,0.3,0.17,1.25,0.12,0.07,1.78,1.19,1.25,1.78
65,117,182,0.04,0.05,0.17,0.06,0.26,0.12,0.69,0.14,0.14,0.38,0.17,0.11,0.17,0.69,0.38,0.69
65,118,183,0.17,0.88,0.29,0.12,0.09,0.01,0.79,0.25,0.12,0.54,0.17,0.13,0.88,0.79,0.54,0.88
65,119,184,0.01,0.01,0.07,0.04,0.2,0.11,0.46,0.07,0.11,0.12,0.2,0.17,0.07,0.46,0.2,0.46
65,120,185,0.08,0.46,0.11,0.08,0.1,0.01,0.79,0.34,0.18,0.73,0.35,0.31,0.46,0.79,0.73,0.79
65,121,186,0.01,0.01,0.08,0.06,0.22,0.1,0.46,0.18,0.13,0.13,0.37,0.35,0.08,0.46,0.37,0.46
65,122,187,0.06,0.27,0.1,0.15,0.12,0.05,0.87,0.58,0.36,0.31,0.51,0.6,0.27,0.87,0.6,0.87
65,123,188,0.01,0.02,0.07,0.09,0.17,0.18,0.63,0.25,0.39,0.2,0.8,0.94,0.09,0.63,0.94,0.94
65,124,189,0.8,0.67,0.1,0.14,0.1,0.01,1.2,0.5,1.61,1.16,1.83,2.31,0.8,1.2,2.31,2.31
65,125,190,0.13,0.13,0.35,0.47,0.49,0.05,0.5,0.31,1.41,0.43,2.37,3.29,0.47,0.5,3.29,3.29
65,126,191,24.21,11.07,11.99,12.04,0.01,0.01,0.01,0.43,1.57,0.66,1.18,12.2,24.21,0.43,12.2,24.21
65,127,192,0.001,0.001,0.001,0.02,0.001,0.001,0.001,0.19,0.01,0.01,0.01,0.01,0.02,0.19,0.01,0.19
65,128,193,0.001,0.001,0.001,1.91,0.001,0.001,0.001,0.5,0.01,0.01,0.01,0.01,1.91,0.5,0.01,1.91
65,130,195,0.001,0.001,0.001,0.84,0.001,0.001,0.001,0.13,0.01,0.01,0.01,0.01,0.84,0.13,0.01,0.84
66,101,167,0.01,0.01,0.01,0.01,0.13,0.04,0.01,0.01,0.001,0.001,0.001,0.001,0.01,0.13,0.001,0.13
66,102,168,0.01,0.01,0.01,0.01,0.22,0.14,0.01,0.01,0.001,0.001,0.001,0.001,0.01,0.22,0.001,0.22
66,103,169,0.01,0.01,0.01,0.01,0.38,0.3,0.04,0.04,0.001,0.001,0.001,0.001,0.01,0.38,0.001,0.38
66,104,170,0.08,0.15,0.01,0.03,0.92,1.8,0.28,0.05,0.12,0.1,0.08,0.2,0.15,1.8,0.2,1.8
66,105,171,0.05,0.07,0.03,0.01,0.71,0.67,0.22,0.08,0.08,0.08,0.07,0.1,0.07,0.71,0.1,0.71
66,106,172,0.24,0.33,0.12,0.06,0.9,1.12,0.32,0.05,0.14,0.42,0.11,0.1,0.33,1.12,0.42,1.12
66,107,173,0.16,0.23,0.08,0.03,1.27,1.25,0.54,0.17,0.17,0.43,0.15,0.07,0.23,1.27,0.43,1.27
66,108,174,0.71,0.66,0.35,0.13,1.61,1.41,0.6,0.07,0.26,1.54,0.2,0.07,0.71,1.61,1.54,1.61
66,109,175,0.1,0.11,0.06,0.02,0.91,0.74,0.33,0.1,0.21,1.11,0.17,0.06,0.11,0.91,1.11,1.11
66,110,176,0.56,1.34,0.33,0.14,1.01,0.88,0.48,0.08,0.28,1.75,0.17,0.06,1.34,1.01,1.75,1.75
66,111,177,0.17,0.2,0.17,0.05,0.53,1.27,0.45,0.18,0.19,1.72,0.17,0.06,0.2,1.27,1.72,1.72
66,112,178,0.64,1.9,0.57,0.21,0.75,0.24,0.65,0.12,0.33,0.92,0.23,0.08,1.9,0.75,0.92,1.9
66,113,179,0.15,0.05,0.18,0.05,0.29,1.04,0.28,0.1,0.16,0.74,0.11,0.05,0.18,1.04,0.74,1.04
66,114,180,0.96,0.84,0.75,0.23,0.43,0.13,0.62,0.11,0.17,0.67,0.13,0.06,0.96,0.62,0.67,0.96
66,115,181,0.2,0.02,0.27,0.07,0.52,0.54,0.22,0.07,0.17,0.49,0.09,0.05,0.27,0.54,0.49,0.54
66,116,182,0.56,1.2,0.75,0.25,0.01,0.08,0.7,0.12,0.17,0.74,0.17,0.1,1.2,0.7,0.74,1.2
66,117,183,0.03,0.01,0.08,0.03,0.2,0.31,0.04,0.01,0.16,0.4,0.09,0.05,0.08,0.31,0.4,0.4
66,118,184,0.13,0.29,0.38,0.16,0.01,0.04,0.17,0.06,0.11,0.43,0.14,0.09,0.38,0.17,0.43,0.43
66,119,185,0.01,0.01,0.03,0.01,0.02,0.1,0.03,0.02,0.12,0.45,0.05,0.04,0.03,0.1,0.45,0.45
66,120,186,0.12,0.2,0.81,0.63,0.01,0.01,0.21,0.14,0.09,0.44,0.34,0.34,0.81,0.21,0.44,0.81
66,122,188,0.28,0.19,0.77,0.79,0.16,0.04,0.19,0.16,1.05,0.65,0.81,0.89,0.79,0.19,1.05,1.05
66,123,189,0.01,0.01,0.03,0.04,0.18,0.05,0.08,0.02,0.89,0.41,0.42,0.48,0.04,0.18,0.89,0.89
66,124,190,2.03,0.45,2.89,3.86,0.74,0.03,1.07,0.62,1.35,1.05,2.2,2.72,3.86,1.07,2.72,3.86
66,125,191,0.35,0.04,1.19,1.83,0.9,0.12,0.57,0.31,1.81,0.5,1.59,1.92,1.83,0.9,1.92,1.92
66,126,192,32.07,19.73,11.08,15.9,0.01,0.01,0.01,0.23,2.86,1.16,1.26,2.51,32.07,0.23,2.86,32.07
66,127,193,0.01,0.01,0.03,0.54,0.01,0.01,0.02,0.34,0.01,0.01,0.01,0.01,0.54,0.34,0.01,0.54
67,103,170,0.01,0.01,0.01,0.01,0.15,0.09,0.01,0.02,0.001,0.001,0.001,0.001,0.01,0.15,0.001,0.15
67,104,171,0.01,0.01,0.01,0.01,0.94,0.67,0.11,0.11,0.001,0.001,0.001,0.001,0.01,0.94,0.001,0.94
67,105,172,0.05,0.08,0.02,0.01,0.78,0.56,0.06,0.08,0.05,0.03,0.04,0.07,0.08,0.78,0.07,0.78
67,106,173,0.03,0.05,0.01,0.01,0.89,0.85,0.19,0.08,0.04,0.04,0.02,0.05,0.05,0.89,0.05,0.89
67,107,174,0.23,0.25,0.12,0.05,1.88,1.5,0.39,0.21,0.04,0.07,0.02,0.05,0.25,1.88,0.07,1.88
67,108,175,0.05,0.06,0.03,0.01,1,0.91,0.39,0.08,0.08,0.56,0.06,0.02,0.06,1,0.56,1
67,109,176,0.21,0.36,0.17,0.06,1.11,1.81,0.46,0.18,0.08,0.33,0.02,0.02,0.36,1.81,0.33,1.81
67,110,177,0.11,0.15,0.04,0.01,0.72,0.6,0.62,0.15,0.07,1.06,0.07,0.03,0.15,0.72,1.06,1.06
67,111,178,0.19,0.24,0.25,0.08,0.82,1.33,0.67,0.2,0.05,0.63,0.06,0.01,0.25,1.33,0.63,1.33
67,112,179,0.07,0.12,0.08,0.02,0.58,0.4,0.64,0.14,0.05,0.52,0.09,0.03,0.12,0.64,0.52,0.64
67,113,180,0.19,0.07,0.26,0.08,0.58,0.5,0.65,0.13,0.11,0.45,0.07,0.03,0.26,0.65,0.45,0.65
67,114,181,0.07,0.24,0.14,0.03,0.54,0.16,0.7,0.16,0.14,0.5,0.04,0.02,0.24,0.7,0.5,0.7
67,115,182,0.06,0.15,0.23,0.06,0.36,0.5,0.76,0.12,0.11,0.47,0.07,0.04,0.23,0.76,0.47,0.76
67,116,183,0.05,0.22,0.13,0.04,0.21,0.09,0.58,0.14,0.25,0.38,0.08,0.06,0.22,0.58,0.38,0.58
67,117,184,0.02,0.07,0.17,0.06,0.16,0.17,0.54,0.1,0.24,0.07,0.11,0.06,0.17,0.54,0.24,0.54
67,118,185,0.03,0.19,0.25,0.14,0.1,0.11,0.7,0.29,0.24,0.24,0.12,0.12,0.25,0.7,0.24,0.7
67,119,186,0.01,0.01,0.07,0.06,0.16,0.27,0.6,0.13,0.21,0.18,0.3,0.31,0.07,0.6,0.31,0.6
67,120,187,0.03,0.19,0.2,0.19,0.2,0.06,1.25,0.57,0.7,0.38,0.78,0.8,0.2,1.25,0.8,1.25
67,121,188,0.03,0.02,0.05,0.05,0.27,0.15,0.63,0.16,0.69,0.18,0.65,0.66,0.05,0.63,0.69,0.69
67,122,189,0.08,0.22,0.27,0.33,0.69,0.04,2.3,1.18,1.63,0.8,0.35,0.41,0.33,2.3,1.63,2.3
67,123,190,0.05,0.02,0.18,0.21,1.21,0.22,2.39,1.01,1.54,0.68,1.16,1.51,0.21,2.39,1.54,2.39
67,124,191,0.53,0.4,0.43,0.65,1.04,0.02,2.75,2.29,1.23,0.88,1.17,3.19,0.65,2.75,3.19,3.19
67,125,192,0.56,0.11,0.53,0.83,1.53,0.14,1.18,1.07,3.78,1.1,2.52,3.44,0.83,1.53,3.78,3.78
67,126,193,27.3,17.41,7.9,10.39,0.01,0.01,0.37,2.66,1.43,0.95,1.6,1.6,27.3,2.66,1.6,27.3
67,128,195,0.01,0.01,1.9,4.45,0.01,0.01,0.19,10.24,0.11,0.01,1.33,3.42,4.45,10.24,3.42,10.24
67,129,196,0.01,0.01,0.01,0.01,0.01,0.01,0.02,0.96,0.28,0.01,1.27,1.77,0.01,0.96,1.77,1.77
67,130,197,0.01,0.01,0.38,0.3,0.01,0.01,0.01,0.63,0.02,0.01,0.72,0.57,0.38,0.63,0.72,0.72
67,132,199,0.001,0.001,0.001,0.36,0.001,0.001,0.001,0.56,0.02,0.01,0.79,0.83,0.36,0.56,0.83,0.83
67,134,201,0.001,0.001,0.001,0.06,0.001,0.001,0.001,0.12,0.01,0.01,0.01,0.09,0.06,0.12,0.09,0.12
67,136,203,0.001,0.001,0.001,0.05,0.001,0.001,0.001,0.14,0.02,0.01,0.26,0.9,0.05,0.14,0.9,0.9
67,138,205,0.001,0.001,0.001,0.14,0.001,0.001,0.001,0.15,0.01,0.01,0.21,1.54,0.14,0.15,1.54,1.54
67,140,207,0.001,0.001,0.001,0.4,0.001,0.001,0.001,0.28,0.01,0.01,0.12,1.79,0.4,0.28,1.79,1.79
67,142,209,0.001,0.001,0.001,0.33,0.001,0.001,0.001,0.13,0.01,0.01,0.06,2.07,0.33,0.13,2.07,2.07
67,144,211,0.001,0.001,0.001,0.6,0.001,0.001,0.001,0.27,0.01,0.01,0.01,0.01,0.6,0.27,0.01,0.6
68,103,171,0.01,0.01,0.01,0.01,0.35,0.11,0.01,0.03,0.001,0.001,0.001,0.001,0.01,0.35,0.001,0.35
68,104,172,0.01,0.01,0.01,0.01,0.37,0.25,0.02,0.01,0.001,0.001,0.001,0.001,0.01,0.37,0.001,0.37
68,105,173,0.01,0.01,0.01,0.01,0.94,0.59,0.05,0.08,0.03,0.03,0.02,0.06,0.01,0.94,0.06,0.94
68,106,174,0.02,0.01,0.01,0.01,1.05,0.96,0.15,0.04,0.09,0.07,0.06,0.13,0.02,1.05,0.13,1.05
68,107,175,0.01,0.01,0.01,0.01,1.29,1.03,0.27,0.13,0.07,0.06,0.05,0.08,0.01,1.29,0.08,1.29
68,108,176,0.21,0.43,0.05,0.06,0.87,1.7,0.34,0.04,0.08,0.13,0.08,0.09,0.43,1.7,0.13,1.7
68,109,177,0.08,0.1,0.06,0.02,0.86,0.8,0.59,0.19,0.06,0.11,0.06,0.04,0.1,0.86,0.11,0.86
68,110,178,0.51,0.85,0.43,0.18,0.95,1.69,0.72,0.07,0.07,0.46,0.07,0.05,0.85,1.69,0.46,1.69
68,111,179,0.11,0.14,0.12,0.03,0.67,0.63,0.65,0.15,0.05,0.27,0.04,0.02,0.14,0.67,0.27,0.67
68,112,180,0.42,0.51,0.49,0.13,0.8,0.87,0.77,0.06,0.08,0.62,0.07,0.04,0.51,0.87,0.62,0.87
68,113,181,0.14,0.18,0.15,0.04,0.5,0.66,0.59,0.15,0.05,0.43,0.06,0.04,0.18,0.66,0.43,0.66
68,114,182,0.24,0.5,0.54,0.12,0.38,0.49,0.68,0.06,0.11,0.35,0.08,0.05,0.54,0.68,0.35,0.68
68,115,183,0.08,0.05,0.14,0.05,0.16,0.47,0.31,0.07,0.04,0.11,0.08,0.05,0.14,0.47,0.11,0.47
68,116,184,0.18,0.13,0.37,0.15,0.16,0.01,0.42,0.08,0.16,0.11,0.15,0.12,0.37,0.42,0.16,0.42
68,117,185,0.06,0.01,0.09,0.05,0.09,0.04,0.1,0.03,0.13,0.06,0.09,0.08,0.09,0.1,0.13,0.13
68,118,186,0.11,0.13,0.2,0.1,0.04,0.01,0.17,0.05,0.3,0.12,0.21,0.19,0.2,0.17,0.3,0.3
68,120,188,0.23,0.09,0.35,0.28,0.07,0.04,0.19,0.1,0.23,0.07,0.43,0.47,0.35,0.19,0.47,0.47
68,122,190,0.94,0.15,1.13,1.5,0.22,0.09,0.53,0.63,2.89,0.78,1.14,1.31,1.5,0.63,2.89,2.89
68,123,191,0.4,0.02,0.61,0.96,0.48,0.2,0.47,0.49,2.38,0.71,1.02,1.24,0.96,0.49,2.38,2.38
68,124,192,2.75,0.4,3.21,4.54,1.9,0.1,1.21,1.24,4.11,1.96,2.7,3.26,4.54,1.9,4.11,4.54
68,125,193,1.99,0.1,2.85,4.49,2.95,0.44,1.29,1.4,3.72,1.01,1.32,1.85,4.49,2.95,3.72,4.49
68,126,194,29.8,35.9,7.83,7.53,0.01,0.01,0.53,0.23,5.79,3.72,2.75,3.75,35.9,0.53,5.79,35.9
68,127,195,0.01,0.01,0.27,0.17,0.01,0.01,0.3,0.11,0.17,0.01,1.18,1.5,0.27,0.3,1.5,1.5
68,128,196,0.05,0.01,0.74,1.55,0.01,0.01,0.01,0.44,2.39,0.3,1.07,1.32,1.55,0.44,2.39,2.39
68,129,197,0.01,0.01,0.01,0.01,0.01,0.01,0.05,0.57,2.08,0.01,1.06,1.86,0.01,0.57,2.08,2.08
68,138,206,0.001,0.001,0.001,0.3,0.001,0.001,0.001,0.11,0.02,0.01,0.07,0.27,0.3,0.11,0.27,0.3
68,140,208,0.001,0.001,0.001,0.54,0.001,0.001,0.001,0.13,0.02,0.01,0.1,0.84,0.54,0.13,0.84,0.84
68,142,210,0.001,0.001,0.001,1.77,0.001,0.001,0.001,0.17,0.01,0.01,0.05,2.19,1.77,0.17,2.19,2.19
69,104,173,0.01,0.01,0.01,0.01,0.35,0.09,0.01,0.02,0.001,0.001,0.001,0.001,0.01,0.35,0.001,0.35
69,107,176,0.01,0.01,0.01,0.01,0.49,0.3,0.01,0.06,0.001,0.001,0.001,0.001,0.01,0.49,0.001,0.49
69,108,177,0.01,0.01,0.01,0.01,0.52,0.36,0.08,0.06,0.04,0.02,0.02,0.05,0.01,0.52,0.05,0.52
69,109,178,0.06,0.05,0.01,0.01,0.98,0.76,0.1,0.15,0.02,0.01,0.02,0.04,0.06,0.98,0.04,0.98
69,110,179,0.01,0.02,0.01,0.01,0.74,0.71,0.31,0.1,0.04,0.03,0.02,0.04,0.02,0.74,0.04,0.74
69,111,180,0.08,0.1,0.04,0.02,0.96,0.75,0.29,0.16,0.02,0.03,0.01,0.03,0.1,0.96,0.03,0.96
69,112,181,0.01,0.01,0.01,0.01,0.6,0.67,0.42,0.1,0.03,0.07,0.02,0.02,0.01,0.67,0.07,0.67
69,113,182,0.04,0.11,0.09,0.02,0.41,0.66,0.41,0.12,0.02,0.06,0.03,0.04,0.11,0.66,0.06,0.66
69,114,183,0.06,0.05,0.1,0.03,0.28,0.31,0.5,0.1,0.04,0.15,0.06,0.06,0.1,0.5,0.15,0.5
69,115,184,0.03,0.02,0.14,0.03,0.15,0.12,0.41,0.09,0.04,0.07,0.09,0.08,0.14,0.41,0.09,0.41
69,116,185,0.04,0.09,0.12,0.03,0.18,0.19,0.46,0.11,0.22,0.26,0.16,0.13,0.12,0.46,0.26,0.46
69,117,186,0.03,0.06,0.1,0.06,0.13,0.19,0.3,0.11,0.14,0.26,0.14,0.17,0.1,0.3,0.26,0.3
69,118,187,0.03,0.02,0.09,0.06,0.12,0.02,0.29,0.12,0.17,0.14,0.16,0.17,0.09,0.29,0.17,0.29
69,119,188,0.05,0.01,0.13,0.11,0.2,0.1,0.35,0.18,0.13,0.11,0.21,0.23,0.13,0.35,0.23,0.35
69,120,189,0.07,0.02,0.1,0.1,0.3,0.04,0.48,0.36,0.87,0.18,0.5,0.59,0.1,0.48,0.87,0.87
69,121,190,0.18,0.01,0.26,0.29,0.74,0.1,1.04,0.68,0.61,0.08,0.63,0.81,0.29,1.04,0.81,1.04
69,122,191,0.19,0.03,0.48,0.49,1.01,0.05,1.75,1.49,1.24,1.72,0.69,0.9,0.49,1.75,1.72,1.75
69,123,192,0.4,0.03,0.67,0.97,2.11,0.26,3.15,2.2,1.58,1.84,1.37,1.71,0.97,3.15,1.84,3.15
69,124,193,0.41,0.24,0.77,1.09,2.82,0.23,3.9,3.72,6.73,1.52,1.41,1.67,1.09,3.9,6.73,6.73
69,125,194,1.24,0.37,0.94,1.06,4.8,0.8,3.5,3.21,9.76,3.66,2.29,2.34,1.24,4.8,9.76,9.76
69,126,195,23.36,29.96,7.75,6.73,0.01,0.01,1.32,0.44,4.39,2.21,1.92,2.42,29.96,1.32,4.39,29.96
69,127,196,0.01,0.01,0.03,0.04,0.01,0.01,0.16,0.02,1.12,0.01,1.67,2.14,0.04,0.16,2.14,2.14
69,128,197,0.45,0.01,0.56,0.24,0.01,0.01,0.96,0.4,2.86,0.01,1.52,1.98,0.56,0.96,2.86,2.86
69,130,199,0.01,0.01,0.04,0.01,0.01,0.01,0.45,0.04,1.15,0.01,1.43,1.87,0.04,0.45,1.87,1.87
69,132,201,0.01,0.01,0.04,0.02,0.01,0.01,0.45,0.07,0.24,0.01,0.01,0.15,0.04,0.45,0.24,0.45
69,134,203,0.01,0.01,0.01,0.04,0.01,0.01,0.1,0.09,0.58,0.01,0.03,0.27,0.04,0.1,0.58,0.58
69,136,205,0.01,0.01,0.99,0.06,0.01,0.01,0.01,0.18,0.75,0.01,0.04,0.33,0.99,0.18,0.75,0.99
69,138,207,0.001,0.001,0.001,0.09,0.001,0.001,0.001,0.26,1.71,0.01,0.09,0.64,0.09,0.26,1.71,1.71
69,140,209,0.001,0.001,0.001,0.16,0.001,0.001,0.001,0.27,0.53,0.01,0.14,0.72,0.16,0.27,0.72,0.72
69,142,211,0.001,0.001,0.001,0.22,0.001,0.001,0.001,0.19,0.02,0.01,0.1,0.85,0.22,0.19,0.85,0.85
69,144,213,0.001,0.001,0.001,0.3,0.001,0.001,0.001,0.16,0.01,0.01,0.01,0.01,0.3,0.16,0.01,0.3
69,146,215,0.001,0.001,0.001,0.56,0.001,0.001,0.001,0.28,0.01,0.01,0.01,0.01,0.56,0.28,0.01,0.56
69,148,217,0.001,0.001,0.001,3.19,0.001,0.001,0.001,0.17,0.01,0.01,0.01,0.01,3.19,0.17,0.01,3.19
69,149,218,0.001,0.001,0.001,0.04,0.001,0.001,0.001,0.14,0.01,0.01,0.01,0.01,0.04,0.14,0.01,0.14
70,109,179,0.01,0.01,0.01,0.01,0.13,0.07,0.01,0.01,0.01,0.01,0.01,0.01,0.01,0.13,0.01,0.13
70,110,180,0.01,0.01,0.01,0.01,0.1,0.09,0.02,0.01,0.01,0.01,0.01,0.01,0.01,0.1,0.01,0.1
70,111,181,0.01,0.01,0.01,0.01,0.22,0.17,0.04,0.02,0.01,0.01,0.01,0.01,0.01,0.22,0.01,0.22
70,112,182,0.01,0.01,0.01,0.01,0.1,0.17,0.06,0.01,0.01,0.03,0.02,0.03,0.01,0.17,0.03,0.17
70,113,183,0.01,0.01,0.01,0.01,0.15,0.13,0.09,0.03,0.03,0.04,0.06,0.06,0.01,0.15,0.06,0.15
70,114,184,0.02,0.03,0.03,0.02,0.13,0.19,0.22,0.02,0.05,0.07,0.11,0.12,0.03,0.22,0.12,0.22
70,115,185,0.01,0.02,0.02,0.01,0.08,0.13,0.16,0.03,0.06,0.06,0.14,0.15,0.02,0.16,0.15,0.16
70,116,186,0.08,0.06,0.19,0.08,0.19,0.13,0.35,0.04,0.14,0.1,0.25,0.26,0.19,0.35,0.26,0.35
70,117,187,0.02,0.02,0.03,0.01,0.1,0.06,0.13,0.04,0.12,0.1,0.24,0.23,0.03,0.13,0.24,0.24
70,118,188,0.1,0.04,0.13,0.11,0.22,0.03,0.24,0.08,0.21,0.21,0.36,0.34,0.13,0.24,0.36,0.36
70,119,189,0.05,0.01,0.07,0.06,0.19,0.05,0.22,0.25,0.17,0.18,0.51,0.54,0.07,0.25,0.54,0.54
70,120,190,0.41,0.05,0.53,0.79,0.65,0.02,0.59,0.42,0.82,0.5,0.93,0.89,0.79,0.65,0.93,0.93
70,121,191,0.13,0.02,0.22,0.27,0.31,0.06,0.34,0.55,0.39,0.41,0.76,0.81,0.27,0.55,0.81,0.81
70,122,192,0.97,0.45,1.16,1.78,1.25,0.14,1.07,1.24,1.88,2.89,1.74,1.8,1.78,1.25,2.89,2.89
70,123,193,1.03,0.19,1.09,1.78,1.38,0.45,1.18,2.03,2.22,2.34,1.86,1.95,1.78,2.03,2.34,2.34
70,124,194,5.24,2.44,4.26,4.97,4.43,0.84,3.23,3.1,19.81,5.59,2.18,1.99,5.24,4.43,19.81,19.81
70,125,195,8.22,1.25,5.07,5.36,8.85,6.03,4.63,4.72,17.26,1.88,1.11,1.07,8.22,8.85,17.26,17.26
70,126,196,14.44,36.33,4.4,2.2,0.01,0.01,0.38,0.05,6.98,9.46,0.77,0.81,36.33,0.38,9.46,36.33
70,127,197,0.01,0.01,0.04,0.02,0.21,0.01,0.02,0.01,0.94,0.01,0.13,0.14,0.04,0.21,0.94,0.94
70,132,202,0.01,0.01,0.16,0.03,0.01,0.01,0.34,0.02,1.78,0.01,0.01,0.09,0.16,0.34,1.78,1.78
70,134,204,0.02,0.01,0.11,0.09,0.01,0.01,0.13,0.04,1.64,0.01,0.01,0.13,0.11,0.13,1.64,1.64
70,144,214,0.001,0.001,0.001,0.65,0.001,0.001,0.001,0.13,0.01,0.01,0.01,0.01,0.65,0.13,0.01,0.65
70,146,216,0.001,0.001,0.001,1.36,0.001,0.001,0.001,0.42,0.01,0.01,0.01,0.01,1.36,0.42,0.01,1.36
70,148,218,0.001,0.001,0.001,2.11,0.001,0.001,0.001,0.41,0.01,0.01,0.01,0.01,2.11,0.41,0.01,2.11
71,115,186,0.01,0.01,0.02,0.01,0.15,0.09,0.09,0.06,0.01,0.01,0.02,0.04,0.02,0.15,0.04,0.15
71,116,187,0.01,0.01,0.02,0.01,0.12,0.05,0.18,0.06,0.03,0.06,0.07,0.08,0.02,0.18,0.08,0.18
71,117,188,0.04,0.01,0.08,0.06,0.24,0.06,0.29,0.19,0.04,0.03,0.14,0.09,0.08,0.29,0.14,0.29
71,118,189,0.03,0.01,0.05,0.04,0.26,0.03,0.33,0.24,0.11,0.39,0.39,0.39,0.05,0.33,0.39,0.39
71,119,190,0.19,0.02,0.34,0.41,0.62,0.08,0.57,0.71,0.07,0.22,0.26,0.27,0.41,0.71,0.27,0.71
71,120,191,0.07,0.01,0.17,0.18,0.47,0.04,0.67,0.65,0.15,0.48,0.28,0.27,0.18,0.67,0.48,0.67
71,121,192,0.45,0.1,0.59,0.85,1.19,0.37,1.3,1.67,0.46,0.28,0.44,0.3,0.85,1.67,0.46,1.67
71,122,193,0.32,0.05,0.27,0.39,1.88,0.26,1.85,2.21,0.5,1.79,0.67,0.79,0.39,2.21,1.79,2.21
71,123,194,2.13,0.5,1.69,1.91,4.99,1.52,4.01,3.51,0.76,1.57,0.73,0.64,2.13,4.99,1.57,4.99
71,124,195,0.76,0.29,0.79,0.56,10.71,1,6.28,5.07,6.42,9.54,0.85,0.7,0.79,10.71,9.54,10.71
71,125,196,2.69,2.05,1.79,1.08,11.72,9.66,5.49,3.06,6.69,10.51,0.9,0.67,2.69,11.72,10.51,11.72
71,126,197,5.46,21.61,2.05,0.79,0.01,0.01,1.14,0.2,4.14,3.98,0.64,0.59,21.61,1.14,4.14,21.61
71,132,203,0.01,0.01,0.03,0.04,0.01,0.01,0.16,0.07,0.1,0.01,0.02,0.18,0.04,0.16,0.18,0.18
71,134,205,0.01,0.01,0.03,0.07,0.01,0.01,0.17,0.14,0.07,0.01,0.03,0.34,0.07,0.17,0.34,0.34
71,136,207,0.03,0.01,0.03,0.08,0.01,0.01,0.27,0.22,0.21,0.01,0.03,0.48,0.08,0.27,0.48,0.48
71,138,209,0.09,0.01,0.01,0.06,0.01,0.01,0.16,0.25,0.87,0.01,0.06,0.8,0.09,0.25,0.87,0.87
71,140,211,0.11,0.01,0.01,0.06,0.01,0.01,0.08,0.2,1.13,0.01,0.05,0.6,0.11,0.2,1.13,1.13
71,142,213,0.04,0.01,0.02,0.1,0.01,0.01,0.04,0.24,0.47,0.01,0.04,0.51,0.1,0.24,0.51,0.51
71,144,215,0.01,0.01,0.58,0.14,0.01,0.01,0.01,0.26,0.01,0.01,0.01,0.01,0.58,0.26,0.01,0.58
71,146,217,0.001,0.001,0.001,0.18,0.001,0.001,0.001,0.17,0.01,0.01,0.01,0.01,0.18,0.17,0.01,0.18
71,148,219,0.001,0.001,0.001,0.49,0.001,0.001,0.001,0.25,0.01,0.01,0.01,0.01,0.49,0.25,0.01,0.49
71,150,221,0.001,0.001,0.001,0.38,0.001,0.001,0.001,0.12,0.01,0.01,0.01,0.01,0.38,0.12,0.01,0.38
72,115,187,0.01,0.01,0.01,0.01,0.12,0.05,0.09,0.05,0.01,0.01,0.03,0.07,0.01,0.12,0.07,0.12
72,116,188,0.04,0.01,0.02,0.05,0.24,0.06,0.26,0.07,0.04,0.01,0.1,0.18,0.05,0.26,0.18,0.26
72,117,189,0.02,0.01,0.03,0.02,0.23,0.04,0.23,0.14,0.05,0.02,0.16,0.26,0.03,0.23,0.26,0.26
72,118,190,0.15,0.02,0.2,0.23,0.47,0.07,0.47,0.13,0.1,0.17,0.34,0.41,0.23,0.47,0.41,0.47
72,119,191,0.05,0.01,0.11,0.11,0.5,0.07,0.62,0.86,0.15,0.1,0.31,0.35,0.11,0.86,0.35,0.86
72,120,192,0.43,0.11,0.7,0.95,1.37,0.4,1.48,0.62,0.44,0.28,0.71,0.66,0.95,1.48,0.71,1.48
72,121,193,0.35,0.08,0.49,0.62,2.29,0.41,2.27,2.45,0.81,0.19,0.71,0.7,0.62,2.45,0.81,2.45
72,122,194,2.66,0.73,2.54,2.45,6.04,1.77,4.77,1.57,1.96,5.74,1.03,0.91,2.66,6.04,5.74,6.04
72,123,195,3.12,0.98,1.59,1.44,11.97,2.9,7.04,4.1,2.45,3.55,0.77,0.73,3.12,11.97,3.55,11.97
72,124,196,6.06,4.2,3.04,1.98,13.13,9.8,6.3,1.88,8.93,13.7,0.98,0.8,6.06,13.13,13.7,13.7
72,125,197,6.31,6.31,3.06,1.47,11.84,13.87,5.52,1.84,4.85,12.08,0.46,0.53,6.31,13.87,12.08,13.87
72,126,198,2.69,17.33,0.96,0.31,0.01,0.01,0.22,0.01,4.05,5.03,0.37,0.55,17.33,0.22,5.03,17.33
72,127,199,0.01,0.01,0.02,0.01,0.05,0.52,0.02,0.01,1.46,0.04,0.05,0.11,0.02,0.52,1.46,1.46
72,148,220,0.001,0.001,0.001,1.12,0.001,0.001,0.001,0.19,0.01,0.01,0.01,0.01,1.12,0.19,0.01,1.12
72,150,222,0.001,0.001,0.001,1.74,0.001,0.001,0.001,0.24,0.01,0.01,0.01,0.01,1.74,0.24,0.01,1.74
73,116,189,0.01,0.01,0.01,0.01,0.3,0.04,0.14,0.21,0.02,0.01,0.09,0.38,0.01,0.3,0.38,0.38
73,117,190,0.04,0.01,0.04,0.07,0.53,0.06,0.16,0.35,0.04,0.01,0.12,0.41,0.07,0.53,0.41,0.53
73,118,191,0.01,0.01,0.03,0.03,0.38,0.06,0.39,0.28,0.06,0.02,0.29,0.45,0.03,0.39,0.45,0.45
73,119,192,0.15,0.04,0.15,0.28,1.12,0.24,0.37,0.87,0.1,0.01,0.1,0.21,0.28,1.12,0.21,1.12
73,120,193,0.11,0.02,0.17,0.2,1.75,0.35,1.21,1.21,0.16,0.02,0.18,0.23,0.2,1.75,0.23,1.75
73,121,194,0.7,0.2,0.66,0.64,5.27,1.42,1.9,2.4,0.19,0.05,0.16,0.37,0.7,5.27,0.37,5.27
73,122,195,0.47,0.15,0.22,0.16,8.44,2.47,4.59,2.32,0.37,0.2,0.15,0.13,0.47,8.44,0.37,8.44
73,123,196,1.57,1.24,0.83,0.46,10.17,8.96,4.12,1.98,0.9,0.55,0.31,0.26,1.57,10.17,0.9,10.17
73,124,197,0.92,1.22,0.72,0.37,6.95,7.42,3.05,0.66,0.98,5.31,0.1,0.21,1.22,7.42,5.31,7.42
73,125,198,0.59,2.04,0.18,0.07,4,16.72,1.91,0.3,0.65,3.67,0.04,0.09,2.04,16.72,3.67,16.72
73,126,199,0.16,2.18,0.05,0.01,0.02,0.01,0.16,0.02,1.75,1.01,0.08,0.14,2.18,0.16,1.75,2.18
73,134,207,0.01,0.01,0.01,0.07,0.01,0.01,0.04,0.13,0.47,0.01,0.03,0.37,0.07,0.13,0.47,0.47
73,136,209,0.01,0.02,0.01,0.11,0.01,0.01,0.05,0.2,0.39,0.01,0.03,0.33,0.11,0.2,0.39,0.39
73,138,211,0.02,0.02,0.01,0.06,0.01,0.01,0.11,0.21,0.44,0.01,0.03,0.45,0.06,0.21,0.45,0.45
73,139,212,0.01,0.01,0.01,0.04,0.01,0.01,0.08,0.12,0.27,0.01,0.03,0.49,0.04,0.12,0.49,0.49
73,140,213,0.05,0.02,0.01,0.07,0.01,0.01,0.13,0.35,0.45,0.01,0.02,0.41,0.07,0.35,0.45,0.45
73,142,215,0.06,0.01,0.02,0.13,0.01,0.01,0.11,0.34,0.67,0.01,0.05,0.91,0.13,0.34,0.91,0.91
73,143,216,0.01,0.01,0.01,0.04,0.01,0.01,0.05,0.14,0.33,0.01,0.04,0.82,0.04,0.14,0.82,0.82
73,144,217,0.05,0.01,0.02,0.24,0.01,0.01,0.06,0.33,0.01,0.01,0.01,0.01,0.24,0.33,0.01,0.33
73,146,219,0.03,0.01,0.02,0.31,0.01,0.01,0.03,0.29,0.01,0.01,0.01,0.01,0.31,0.29,0.01,0.31
73,148,221,0.01,0.01,0.27,0.64,0.01,0.01,0.01,0.18,0.01,0.01,0.01,0.01,0.64,0.18,0.01,0.64
73,152,225,0.001,0.001,0.001,9.74,0.001,0.001,0.001,0.26,0.01,0.01,0.01,0.01,9.74,0.26,0.01,9.74
73,153,226,0.001,0.001,0.001,0.01,0.001,0.001,0.001,0.28,0.01,0.01,0.01,0.01,0.01,0.28,0.01,0.28
74,150,224,0.001,0.001,0.001,1.02,0.001,0.001,0.001,0.45,0.01,0.01,0.01,0.01,1.02,0.45,0.01,1.02
74,152,226,0.001,0.001,0.001,1.39,0.001,0.001,0.001,0.53,0.01,0.01,0.01,0.01,1.39,0.53,0.01,1.39
74,154,228,0.001,0.001,0.001,0.96,0.001,0.001,0.001,0.31,0.01,0.01,0.01,0.01,0.96,0.31,0.01,0.96
74,156,230,0.001,0.001,0.001,0.65,0.001,0.001,0.001,0.17,0.01,0.01,0.01,0.01,0.65,0.17,0.01,0.65
74,158,232,0.001,0.001,0.001,0.65,0.001,0.001,0.001,0.11,0.01,0.01,0.01,0.01,0.65,0.11,0.01,0.65
75,116,191,0.01,0.01,0.01,0.01,0.21,0.01,0.01,0.1,0.001,0.001,0.001,0.001,0.01,0.21,0.001,0.21
75,117,192,0.01,0.01,0.01,0.01,0.22,0.02,0.01,0.13,0.001,0.001,0.001,0.001,0.01,0.22,0.001,0.22
75,118,193,0.01,0.01,0.01,0.01,0.4,0.04,0.02,0.15,0.001,0.001,0.001,0.001,0.01,0.4,0.001,0.4
75,119,194,0.01,0.01,0.01,0.02,1.23,0.13,0.04,0.46,0.04,0.01,0.02,0.19,0.02,1.23,0.19,1.23
75,120,195,0.01,0.01,0.01,0.02,2.13,0.44,0.17,0.37,0.01,0.01,0.01,0.05,0.02,2.13,0.05,2.13
75,121,196,0.11,0.06,0.01,0.03,1.85,0.66,0.07,0.23,0.03,0.01,0.01,0.06,0.11,1.85,0.06,1.85
75,122,197,0.02,0.03,0.01,0.01,1.83,1.46,0.19,0.11,0.03,0.02,0.01,0.02,0.03,1.83,0.03,1.83
75,123,198,0.06,0.27,0.02,0.01,1.29,3.08,0.16,0.07,0.02,0.01,0.01,0.02,0.27,3.08,0.02,3.08
75,124,199,0.01,0.03,0.01,0.01,0.26,1.41,0.06,0.01,0.06,0.01,0.01,0.04,0.03,1.41,0.06,1.41
75,125,200,0.01,0.02,0.01,0.01,0.03,0.3,0.01,0.01,0.02,0.01,0.01,0.01,0.02,0.3,0.02,0.3
75,136,211,0.01,0.01,0.02,0.08,0.01,0.01,0.04,0.15,0.15,0.01,0.02,0.3,0.08,0.15,0.3,0.3
75,138,213,0.02,0.01,0.03,0.17,0.01,0.01,0.08,0.37,0.27,0.01,0.02,0.47,0.17,0.37,0.47,0.47
75,139,214,0.01,0.01,0.01,0.07,0.02,0.01,0.05,0.12,0.16,0.01,0.02,0.49,0.07,0.12,0.49,0.49
75,140,215,0.03,0.01,0.02,0.14,0.01,0.01,0.09,0.57,0.36,0.01,0.02,0.4,0.14,0.57,0.4,0.57
75,141,216,0.01,0.01,0.01,0.1,0.01,0.01,0.07,0.24,0.17,0.01,0.02,0.45,0.1,0.24,0.45,0.45
75,142,217,0.04,0.01,0.01,0.1,0.01,0.01,0.08,0.66,0.38,0.01,0.03,0.6,0.1,0.66,0.6,0.66
75,143,218,0.01,0.01,0.01,0.08,0.01,0.01,0.05,0.24,0.12,0.01,0.02,0.54,0.08,0.24,0.54,0.54
75,144,219,0.03,0.01,0.02,0.24,0.01,0.01,0.05,0.46,0.01,0.01,0.01,0.01,0.24,0.46,0.01,0.46
75,145,220,0.01,0.01,0.01,0.05,0.01,0.01,0.03,0.18,0.01,0.01,0.01,0.01,0.05,0.18,0.01,0.18
75,146,221,0.04,0.01,0.02,0.28,0.01,0.01,0.04,0.38,0.01,0.01,0.01,0.01,0.28,0.38,0.01,0.38
75,147,222,0.01,0.01,0.01,0.05,0.01,0.01,0.02,0.16,0.01,0.01,0.01,0.01,0.05,0.16,0.01,0.16
75,148,223,0.04,0.01,0.02,0.4,0.01,0.01,0.02,0.25,0.01,0.01,0.01,0.01,0.4,0.25,0.01,0.4
75,150,225,0.02,0.01,0.01,0.51,0.01,0.01,0.01,0.2,0.01,0.01,0.01,0.01,0.51,0.2,0.01,0.51
75,152,227,0.01,0.01,0.1,0.95,0.01,0.01,0.01,0.33,0.01,0.01,0.01,0.01,0.95,0.33,0.01,0.95
75,154,229,0.001,0.001,0.001,0.35,0.001,0.001,0.001,0.32,0.01,0.01,0.01,0.01,0.35,0.32,0.01,0.35
75,156,231,0.001,0.001,0.001,0.35,0.001,0.001,0.001,0.38,0.01,0.01,0.01,0.01,0.35,0.38,0.01,0.38
75,158,233,0.001,0.001,0.001,0.27,0.001,0.001,0.001,0.22,0.01,0.01,0.01,0.01,0.27,0.22,0.01,0.27
75,160,235,0.001,0.001,0.001,0.55,0.001,0.001,0.001,0.22,0.01,0.01,0.01,0.01,0.55,0.22,0.01,0.55
76,119,195,0.01,0.01,0.01,0.01,1.32,0.14,0.02,0.34,0.001,0.001,0.001,0.001,0.01,1.32,0.001,1.32
76,120,196,0.01,0.01,0.01,0.01,0.35,0.1,0.01,0.02,0.001,0.001,0.001,0.001,0.01,0.35,0.001,0.35
76,121,197,0.01,0.01,0.01,0.01,1.07,0.5,0.02,0.07,0.1,0.01,0.02,0.27,0.01,1.07,0.27,1.07
76,122,198,0.01,0.01,0.01,0.01,0.3,0.65,0.03,0.01,0.08,0.01,0.02,0.25,0.01,0.65,0.25,0.65
76,123,199,0.01,0.01,0.01,0.01,0.2,0.67,0.02,0.01,0.07,0.01,0.02,0.2,0.01,0.67,0.2,0.67
76,138,214,0.01,0.01,0.02,0.18,0.01,0.01,0.03,0.14,0.12,0.01,0.01,0.21,0.18,0.14,0.21,0.21
76,140,216,0.01,0.01,0.05,0.38,0.01,0.01,0.03,0.2,0.15,0.01,0.01,0.29,0.38,0.2,0.29,0.38
76,142,218,0.02,0.01,0.07,0.67,0.01,0.01,0.02,0.19,0.21,0.01,0.01,0.25,0.67,0.19,0.25,0.67
76,144,220,0.02,0.01,0.06,0.9,0.01,0.01,0.01,0.1,0.01,0.01,0.01,0.01,0.9,0.1,0.01,0.9
76,148,224,0.03,0.01,0.06,1.68,0.01,0.01,0.01,0.1,0.01,0.01,0.01,0.01,1.68,0.1,0.01,1.68
76,156,232,0.001,0.001,0.001,0.69,0.001,0.001,0.001,0.13,0.01,0.01,0.01,0.01,0.69,0.13,0.01,0.69
76,158,234,0.001,0.001,0.001,0.59,0.001,0.001,0.001,0.24,0.01,0.01,0.01,0.01,0.59,0.24,0.01,0.59
76,160,236,0.001,0.001,0.001,1.27,0.001,0.001,0.001,0.25,0.01,0.01,0.01,0.01,1.27,0.25,0.01,1.27
77,136,213,0.01,0.01,0.01,0.06,0.01,0.01,0.03,0.18,0.08,0.01,0.01,0.15,0.06,0.18,0.15,0.18
77,138,215,0.01,0.01,0.02,0.16,0.01,0.01,0.06,0.31,0.08,0.01,0.01,0.27,0.16,0.31,0.27,0.31
77,139,216,0.01,0.01,0.01,0.07,0.01,0.01,0.04,0.14,0.18,0.01,0.02,0.48,0.07,0.14,0.48,0.48
77,140,217,0.01,0.01,0.04,0.32,0.01,0.01,0.1,0.65,0.15,0.01,0.02,0.49,0.32,0.65,0.49,0.65
77,141,218,0.01,0.01,0.01,0.11,0.01,0.01,0.08,0.25,0.26,0.01,0.02,0.47,0.11,0.25,0.47,0.47
77,142,219,0.03,0.01,0.03,0.27,0.01,0.01,0.11,0.71,0.3,0.01,0.02,0.5,0.27,0.71,0.5,0.71
77,143,220,0.01,0.01,0.01,0.12,0.01,0.01,0.07,0.29,0.21,0.01,0.02,0.49,0.12,0.29,0.49,0.49
77,144,221,0.03,0.01,0.01,0.24,0.01,0.01,0.09,0.79,0.01,0.01,0.01,0.01,0.24,0.79,0.01,0.79
77,145,222,0.01,0.01,0.01,0.07,0.01,0.01,0.04,0.19,0.01,0.01,0.01,0.01,0.07,0.19,0.01,0.19
77,146,223,0.03,0.01,0.01,0.18,0.01,0.01,0.07,0.8,0.01,0.01,0.01,0.01,0.18,0.8,0.01,0.8
77,147,224,0.01,0.01,0.01,0.15,0.01,0.01,0.06,0.5,0.01,0.01,0.01,0.01,0.15,0.5,0.01,0.5
77,148,225,0.03,0.01,0.01,0.14,0.01,0.01,0.04,0.6,0.01,0.01,0.01,0.01,0.14,0.6,0.01,0.6
77,149,226,0.01,0.01,0.01,0.11,0.01,0.01,0.03,0.35,0.01,0.01,0.01,0.01,0.11,0.35,0.01,0.35
77,150,227,0.03,0.01,0.01,0.24,0.01,0.01,0.02,0.32,0.01,0.01,0.01,0.01,0.24,0.32,0.01,0.32
77,151,228,0.01,0.01,0.01,0.11,0.01,0.01,0.02,0.21,0.01,0.01,0.01,0.01,0.11,0.21,0.01,0.21
77,152,229,0.02,0.01,0.02,0.53,0.01,0.01,0.02,0.22,0.01,0.01,0.01,0.01,0.53,0.22,0.01,0.53
77,154,231,0.01,0.01,0.01,0.26,0.01,0.01,0.01,0.21,0.01,0.01,0.01,0.01,0.26,0.21,0.01,0.26
77,156,233,0.01,0.01,0.05,0.55,0.01,0.01,0.01,0.38,0.01,0.01,0.01,0.01,0.55,0.38,0.01,0.55
77,158,235,0.001,0.001,0.001,0.14,0.001,0.001,0.001,0.27,0.01,0.01,0.01,0.01,0.14,0.27,0.01,0.27
77,160,237,0.001,0.001,0.001,0.18,0.001,0.001,0.001,0.18,0.01,0.01,0.01,0.01,0.18,0.18,0.01,0.18
77,162,239,0.001,0.001,0.001,3.11,0.001,0.001,0.001,0.24,0.01,0.01,0.01,0.01,3.11,0.24,0.01,3.11
78,138,216,0.01,0.01,0.01,0.14,0.01,0.01,0.02,0.12,0.05,0.01,0.01,0.22,0.14,0.12,0.22,0.22
78,144,222,0.01,0.01,0.03,0.51,0.01,0.01,0.01,0.15,0.01,0.01,0.01,0.01,0.51,0.15,0.01,0.51
78,146,224,0.02,0.01,0.06,0.98,0.01,0.01,0.01,0.16,0.01,0.01,0.01,0.01,0.98,0.16,0.01,0.98
78,148,226,0.02,0.01,0.06,1.33,0.01,0.01,0.01,0.14,0.01,0.01,0.01,0.01,1.33,0.14,0.01,1.33
78,152,230,0.02,0.01,0.04,1.15,0.01,0.01,0.01,0.12,0.01,0.01,0.01,0.01,1.15,0.12,0.01,1.15
78,158,236,0.01,0.01,0.01,0.89,0.01,0.01,0.01,0.39,0.01,0.01,0.01,0.01,0.89,0.39,0.01,0.89
78,160,238,0.001,0.001,0.001,0.27,0.001,0.001,0.001,0.24,0.01,0.01,0.01,0.01,0.27,0.24,0.01,0.27
78,162,240,0.001,0.001,0.001,4.68,0.001,0.001,0.001,0.31,0.01,0.01,0.01,0.01,4.68,0.31,0.01,4.68
79,136,215,0.01,0.01,0.01,0.04,0.01,0.01,0.03,0.13,0.12,0.01,0.01,0.24,0.04,0.13,0.24,0.24
79,138,217,0.01,0.01,0.01,0.05,0.01,0.01,0.02,0.16,0.24,0.01,0.01,0.37,0.05,0.16,0.37,0.37
79,140,219,0.01,0.01,0.01,0.09,0.01,0.01,0.03,0.21,0.13,0.01,0.01,0.34,0.09,0.21,0.34,0.34
79,141,220,0.01,0.01,0.01,0.05,0.01,0.01,0.03,0.15,0.1,0.01,0.01,0.38,0.05,0.15,0.38,0.38
79,142,221,0.01,0.01,0.01,0.14,0.01,0.01,0.04,0.41,0.06,0.01,0.01,0.37,0.14,0.41,0.37,0.41
79,144,223,0.02,0.01,0.01,0.11,0.01,0.01,0.05,0.53,0.01,0.01,0.01,0.01,0.11,0.53,0.01,0.53
79,145,224,0.01,0.01,0.01,0.04,0.01,0.01,0.03,0.23,0.01,0.01,0.01,0.01,0.04,0.23,0.01,0.23
79,146,225,0.02,0.01,0.01,0.15,0.01,0.01,0.05,0.73,0.01,0.01,0.01,0.01,0.15,0.73,0.01,0.73
79,147,226,0.01,0.01,0.01,0.03,0.01,0.01,0.02,0.11,0.01,0.01,0.01,0.01,0.03,0.11,0.01,0.11
79,148,227,0.03,0.01,0.01,0.17,0.01,0.01,0.04,0.53,0.01,0.01,0.01,0.01,0.17,0.53,0.01,0.53
79,149,228,0.01,0.01,0.01,0.19,0.01,0.01,0.01,0.18,0.01,0.01,0.01,0.01,0.19,0.18,0.01,0.19
79,150,229,0.02,0.01,0.08,2.29,0.01,0.01,0.02,0.3,0.01,0.01,0.01,0.01,2.29,0.3,0.01,2.29
79,152,231,0.01,0.01,0.04,1.12,0.01,0.01,0.01,0.12,0.01,0.01,0.01,0.01,1.12,0.12,0.01,1.12
79,156,235,0.01,0.01,0.01,0.96,0.01,0.01,0.01,0.11,0.01,0.01,0.01,0.01,0.96,0.11,0.01,0.96
79,158,237,0.01,0.01,0.01,0.74,0.01,0.01,0.01,0.15,0.01,0.01,0.01,0.01,0.74,0.15,0.01,0.74
79,160,239,0.01,0.01,0.01,0.28,0.01,0.01,0.01,0.14,0.01,0.01,0.01,0.01,0.28,0.14,0.01,0.28
79,162,241,0.001,0.001,0.001,0.46,0.001,0.001,0.001,0.17,0.01,0.01,0.01,0.01,0.46,0.17,0.01,0.46
80,142,222,0.01,0.01,0.02,0.36,0.01,0.01,0.01,0.1,0.001,0.001,0.001,0.001,0.36,0.1,0.001,0.36
80,144,224,0.01,0.01,0.03,0.71,0.01,0.01,0.01,0.15,0.001,0.001,0.001,0.001,0.71,0.15,0.001,0.71
80,146,226,0.01,0.01,0.04,0.9,0.01,0.01,0.01,0.17,0.001,0.001,0.001,0.001,0.9,0.17,0.001,0.9
80,148,228,0.01,0.01,0.1,2.74,0.01,0.01,0.02,0.43,0.001,0.001,0.001,0.001,2.74,0.43,0.001,2.74
80,150,230,0.01,0.01,0.05,1.44,0.01,0.01,0.01,0.14,0.001,0.001,0.001,0.001,1.44,0.14,0.001,1.44
80,152,232,0.01,0.01,0.02,1,0.01,0.01,0.01,0.13,0.001,0.001,0.001,0.001,1,0.13,0.001,1
80,154,234,0.01,0.01,0.01,0.89,0.01,0.01,0.01,0.17,0.001,0.001,0.001,0.001,0.89,0.17,0.001,0.89
80,160,240,0.01,0.01,0.01,1.71,0.01,0.01,0.01,1.01,0.001,0.001,0.001,0.001,1.71,1.01,0.001,1.71
80,162,242,0.01,0.01,0.01,23.81,0.01,0.01,0.01,1.98,0.001,0.001,0.001,0.001,23.81,1.98,0.001,23.81
